publishedDate,title,source,url,neg,neu,pos,compound,trading_date
2025-04-10 23:09:00,Energy Stocks Take a Dive: Values or Traps?,Yahoo,https://finnhub.io/api/news?id=972e5a24ff1590c7d2d7972049e25e6e122075758407ca722d422aed7e806209,0.0,0.783,0.217,0.7351,2025-04-11
2025-04-10 16:31:00,Exxon Mobil Corp. stock outperforms competitors despite losses on the day,MarketWatch,https://finnhub.io/api/news?id=93978934af354b77cb213bd218d244c1fa9ff1ff4691334b0a6bace44956490e,0.0,0.816,0.184,0.5448,2025-04-11
2025-04-10 15:13:00,OMV (OMVKY) Surges 6.4%: Is This an Indication of Further Gains?,Yahoo,https://finnhub.io/api/news?id=1ac1df46907371dd915b9e0346c9cbee8814645566456c64e062a6b35d704b6e,0.0,0.859,0.141,0.7096,2025-04-10
2025-04-10 12:18:19,Shares of energy companies are trading lower as stocks pull back after surging Wednesday following President Trump's tariff pause announcement.,Benzinga,https://finnhub.io/api/news?id=122539c29cfab86626b6c149099600fca1f7644dc91bc09d8fa22e4d1a274a62,0.094,0.723,0.183,0.2732,2025-04-10
2025-04-10 09:55:00,Chevron Scales Up Triple-Frac Technology in Permian for Big Gains,Yahoo,https://finnhub.io/api/news?id=8fd9a41091d3581c1dca6d526ce2d0cb8528c40d1b0938ba7eec91dfe834648c,0.0,0.823,0.177,0.7269,2025-04-10
2025-04-09 16:31:00,"Exxon Mobil Corp. stock rises Wednesday, still underperforms market",MarketWatch,https://finnhub.io/api/news?id=a6ddc54796dfb28f99dca71104e608885a56e83267ddab25967b1d7cfba57c1e,0.0,1.0,0.0,0.0,2025-04-10
2025-04-09 13:54:00,"Shares of oil and gas companies are trading higher following President Trump's decision to implement a 90-day pause on reciprocal tariffs for all countries except China. - American Resources (NASDAQ:AREC), APA (NASDAQ:APA)",Benzinga,https://finnhub.io/api/news?id=2369a212048967973b18312f7f80988f31bd2c24dde431ff7ab4cab8875d61a8,0.0,0.934,0.066,0.296,2025-04-09
2025-04-09 13:48:57,"Exxon Vs. NextEra Energy: Fossil Fuels Vs. Renewable Energy, Which Is The Better Investment?",SeekingAlpha,https://finnhub.io/api/news?id=11fc6f62680238614aae8e96d785f324719ffb3fbd1b4ab5c0cb7229bc88b87a,0.0,0.802,0.198,0.631,2025-04-09
2025-04-09 13:30:14,Brokers Suggest Investing in Exxon (XOM): Read This Before Placing a Bet,Yahoo,https://finnhub.io/api/news?id=3befba67c2e5ceec803b7ad18eb24c25c156e25c5bcd7fc3f307f2d6bdf1bafe,0.047,0.873,0.08,0.1868,2025-04-09
2025-04-09 13:00:13,Investors Heavily Search Exxon Mobil Corporation (XOM): Here is What You Need to Know,Yahoo,https://finnhub.io/api/news?id=99919d210e8c7d865db2bf5327e8104ed99b1fb097d17e657a6a2556a57b2955,0.067,0.887,0.046,-0.2263,2025-04-09
2025-04-09 12:09:00,"Oil & Gas Stock Roundup: ExxonMobil & Shell Q1 Updates, Tariff Woes",Yahoo,https://finnhub.io/api/news?id=83a66400fce8caf7e22cce604566be3ab585f6b5c97b361db48b9350da8423e9,0.097,0.833,0.07,-0.2023,2025-04-09
2025-04-09 10:33:00,Trade War Tariffs Slam Oil Prices to 4-Year Lows Amid Recession Fears,Yahoo,https://finnhub.io/api/news?id=c81818e3cb5a7d8c8f4a5752235dcd2611f76a7a9d3e9770939a133ab9c0303d,0.4,0.516,0.085,-0.9442,2025-04-09
2025-04-09 08:14:00,AFRM and RH have been highlighted as Zacks Bull and Bear of the Day,Yahoo,https://finnhub.io/api/news?id=2e546707b33c4bc4afdd1a954d00391c60d9808a35dc91c9601297ea175ffcf2,0.0,1.0,0.0,0.0,2025-04-09
2025-04-08 19:42:10,Sector Update: Energy Stocks Fall Late Afternoon,Yahoo,https://finnhub.io/api/news?id=42006d7167f94b589d0ddabeb598797bf5b60e85f953e7ecaad867235fa8ba60,0.131,0.653,0.216,0.3612,2025-04-09
2025-04-08 16:24:17,Why ExxonMobil Stock Soared 10.6% in Q1 While the S&P 500 Had Its Worst Quarter Since 2022,Yahoo,https://finnhub.io/api/news?id=6d022772329e7ec2fc368fb7b6ad1c4f633b160c1bd798d233e9f5b159232653,0.122,0.801,0.077,-0.3612,2025-04-09
2025-04-08 15:40:08,SSL or XOM: Which Is the Better Value Stock Right Now?,Yahoo,https://finnhub.io/api/news?id=e6365f72f6e3826e4cc5833b14334253d029b20d05af2f622ad9a0067095e9d1,0.0,0.608,0.392,0.8738,2025-04-08
2025-04-08 14:42:00,Chevron to Begin Pipeline Preparations in Eastern Mediterranean,Yahoo,https://finnhub.io/api/news?id=467f3f153bc8f003fef82ff4b45b757276a32b7109a7ea3497205e3819ab984e,0.0,0.852,0.148,0.5423,2025-04-08
2025-04-08 14:23:04,Is Exxon Mobil Corporation (XOM) the Best American Energy Stock to Buy Now?,Yahoo,https://finnhub.io/api/news?id=1af8f7e567abc7b44a0666be548ca9e5ca312e8805394bcde04b4926d505f683,0.037,0.723,0.241,0.9531,2025-04-08
2025-04-08 13:52:39,Exxon Mobil price target lowered to $135 from $146 at UBS,Yahoo,https://finnhub.io/api/news?id=6c0172222c0a42d55b91ee52f71db9ac3d7e6e9f926acf3d281343ff71100de4,0.113,0.766,0.12,0.1779,2025-04-08
2025-04-08 13:39:00,Worried About Tariffs? Keep a Watch on 2 Energy Giants: XOM & CVX,Yahoo,https://finnhub.io/api/news?id=c94ec525da8c5c74de0d0f424e8b9c9a202a38fab48133d04c67b1688e3e7679,0.093,0.832,0.076,-0.1179,2025-04-08
2025-04-07 21:45:14,Exxon Mobil (XOM) Declines More Than Market: Some Information for Investors,Yahoo,https://finnhub.io/api/news?id=461351a4e54a342b64fe93deb410527bae422c8bf69ced87c489c14e461095d1,0.0,1.0,0.0,0.0,2025-04-08
2025-04-07 13:16:00,"Company News for Apr 7, 2025",Yahoo,https://finnhub.io/api/news?id=5c31c692309fad584a5aa8db024e8f97c8d1e56f42dac1f68cecf53eb3bac48b,0.0,1.0,0.0,0.0,2025-04-07
2025-04-07 12:12:00,"Shares of energy stocks are trading lower as crude oil falls to 2021 levels, following OPEC+'s decision to accelerate production hikes. The market is also grappling with fears of a recession, fueled by President Trump's recent tariff announcements and China's retaliatory measures, which have heightened concerns over global demand. - Marathon Petroleum (NYSE:MPC), Chevron (NYSE:CVX), TotalEnergies (NYSE:TTE), Eni (NYSE:E)",Benzinga,https://finnhub.io/api/news?id=783fa759705e18cdc981c0fe5bd5050de262c70e20299a54196dd287b590392b,0.188,0.75,0.062,-0.8271,2025-04-07
2025-04-07 10:59:28,Devon Energy's 15% Free Cash Flow Yield Is Too Appealing Not To Buy,SeekingAlpha,https://finnhub.io/api/news?id=39ebea00f8598b18ed340472dd77813f3463e924219bfd8fffb1088dbbcdac81,0.0,0.784,0.216,0.5106,2025-04-07
2025-04-07 09:40:00,ClearBridge Dividend Strategy Q1 2025 Commentary,SeekingAlpha,https://finnhub.io/api/news?id=79dd40c75b38dbaa6aa4217acd5888e7869a6d5eb151d2cddb273803189a87c3,0.0,1.0,0.0,0.0,2025-04-07
2025-04-07 08:28:18,This Market Selloff Was Long Overdue,SeekingAlpha,https://finnhub.io/api/news?id=8c592c354bf420b99cad1e7ee49e22f3bee7ba4228834a1ff53f1a2e6aa3c681,0.063,0.937,0.0,-0.2732,2025-04-07
2025-04-07 08:00:00,Canadian Natural Resources: Buy The Drop On This Golden Opportunity,SeekingAlpha,https://finnhub.io/api/news?id=0969577772bd9a58d1ddc4c8787dff0be588ad2d5cdb9b78a0bff0dbf7eb0af8,0.097,0.531,0.372,0.8979,2025-04-07
2025-04-06 20:54:15,Exxon Mobil Corporation (XOM): Among the Best Beginner Stocks,Yahoo,https://finnhub.io/api/news?id=ca849027a421d3d550da9afbf2fb12d9933aac87072eebe6abbe664fc2467eff,0.048,0.778,0.174,0.8658,2025-04-07
2025-04-06 16:17:00,ExxonMobil Expects to Report a Profit Gusher in Q1. Can It Repeat That Feat With Crude Prices Falling?,Yahoo,https://finnhub.io/api/news?id=f562ee10dd459b2c62efe2b81acdce66530798c34f8607e65299f4c73191c713,0.112,0.734,0.154,0.34,2025-04-07
2025-04-06 11:45:00,What Investors Should Expect From March's Consumer Price Index Report,SeekingAlpha,https://finnhub.io/api/news?id=2c2965d6f8c8d8b7b68b4b050a118bc342f8978c18d55513d5256535b3477fca,0.0,1.0,0.0,0.0,2025-04-07
2025-04-05 22:05:00,Energy Stocks Are Soaring. 3 High-Yield Oil Stocks to Buy Now.,Yahoo,https://finnhub.io/api/news?id=6f4d414b457ff39cc1a2c0f2821b3bddd4b69b6beb0aecb33d03bda0b9df406d,0.0,0.852,0.148,0.9081,2025-04-07
2025-04-05 20:01:06,Venezuela warns of 'false flag operation' to 'attack' ExxonMobil platform,Finnhub,https://finnhub.io/api/news?id=ab0ab39f8d4294cb26787b599a5861e554a4d88dbe22170e7ea7248169e20649,0.252,0.695,0.053,-0.8625,2025-04-07
2025-04-05 18:05:01,Exxon Mobil (NYSE:XOM) Faces Pressure From New Tariffs As Energy Stocks See Turmoil,Yahoo,https://finnhub.io/api/news?id=14e9cb998722791b54492ccc216cb3df60f890a6c447210925cd5bce8c4c9549,0.131,0.805,0.063,-0.6929,2025-04-07
2025-04-18 15:15:40,"Exxon, Occidental projects at risk due to DOGE cuts, WSJ reports",Yahoo,https://finnhub.io/api/news?id=1f5abaa62c2cfd66ecea4c356728c339685dc7291f82fdf933cd23374eff436a,0.094,0.814,0.091,-0.0772,2025-04-21
2025-04-18 13:00:00,Energy Secretary’s Old Company Shows Oil’s Doldrums,MarketWatch,https://finnhub.io/api/news?id=380122c9307ea22476be9289e310266fc93f41418bf8d52c00ec94d49150e3cd,0.0,0.741,0.259,0.4939,2025-04-21
2025-04-17 11:00:00,"DOGE Comes for Clean Energy, Putting Exxon and Occidental Projects at Risk",DowJones,https://finnhub.io/api/news?id=c7cd4439f1ddf689939962849b1bf3f2dbca0cdfe508bbd69a3831a46e14d25e,0.132,0.566,0.302,0.6597,2025-04-17
2025-04-18 07:34:00,"2 No-Brainer High-Yield Energy Stocks to Buy With $2,000 Right Now",Yahoo,https://finnhub.io/api/news?id=c5fd575c62b947fa6ef8656540efb3afed996a086fc6b54363a3bfd45e75cd02,0.045,0.809,0.146,0.7413,2025-04-21
2025-04-18 05:46:14,"Trump's Energy Department Mulls Cutting Billions In Clean-Energy Funds, Threatening Exxon, Occidental Projects",Benzinga,https://finnhub.io/api/news?id=8c2a2a6774657dec169d83c4862f0e1f09598dc1c80159b9c6fac46aad936ab4,0.088,0.805,0.107,0.0258,2025-04-21
2025-04-17 18:18:12,Why Oil and Gas Stocks Rallied on Thursday,Yahoo,https://finnhub.io/api/news?id=feb5b7d3364c4bccb2a2ac941bbfe90da02d6b211d2361bacf18f9f9e16794ae,0.056,0.896,0.048,-0.2023,2025-04-21
2025-04-17 16:31:00,Exxon Mobil Corp. stock outperforms competitors on strong trading day,MarketWatch,https://finnhub.io/api/news?id=d7a41bfa6a23f41784a6a31c6d4aca4e85443945472363f1f8ed17d51a3138ba,0.0,0.732,0.268,0.765,2025-04-21
2025-04-17 15:58:00,"Market Chatter: Exxon Mobil, Other Energy Companies to Be Hit by DOE Clean Energy Funding Cuts",Yahoo,https://finnhub.io/api/news?id=a102600056913fc6ae15c0d3aa34932d067f6fcd7485e511277679f8dfcfe247,0.058,0.707,0.236,0.7003,2025-04-17
2025-04-17 14:05:13,"Wall Street Rebounds, Eli Lilly Rallies, UnitedHealth Group Plummets: What's Driving Markets Thursday?",Benzinga,https://finnhub.io/api/news?id=e2c7281210cebea5d20053d648043f9c0d5ba8d2270bf02ae9bd67057a4765aa,0.049,0.867,0.084,0.3612,2025-04-17
2025-04-17 12:57:11,Shares of energy stocks are up as oil prices rise amid US sanctions on Iran.,Benzinga,https://finnhub.io/api/news?id=2150897c051d6f4e4d6607bc2d7201945f7e53b86cdd973f10a7a680ee31c0d4,0.0,0.751,0.249,0.5106,2025-04-17
2025-04-17 09:27:00,New Strong Sell Stocks for April 17th,Yahoo,https://finnhub.io/api/news?id=aa38f5a2639858e44bc2628da86c1c5f835b7f71db902ad5185ed79f4deacaa7,0.0,0.784,0.216,0.765,2025-04-17
2025-04-17 09:12:25,"Trending tickers: TSMC, Deliveroo, Ford, Sainsbury’s, BP",Yahoo,https://finnhub.io/api/news?id=6912321c213311a24321c478f2819e522731003d581b265a9526b05107857458,0.0,1.0,0.0,0.0,2025-04-17
2025-04-17 08:10:00,My Dividend Stock Portfolio: New All-Time Dividend Record In March - 100 Holdings With 15 Buys,SeekingAlpha,https://finnhub.io/api/news?id=3583de69a5b9294d49cfc850c02d9e183a0af145eb6a1cde6d77ee1e1a833ab0,0.0,1.0,0.0,0.0,2025-04-17
2025-04-16 19:36:47,Is Exxon Mobil (XOM) Among The Top Goldman Sachs Value Stocks?,Yahoo,https://finnhub.io/api/news?id=1d19a99c00a23707ea64fb5742d48f66e24ab78c5c4e99936d53b2a14b05e1f5,0.0,0.82,0.18,0.886,2025-04-17
2025-04-16 13:22:54,Sector Update: Energy Stocks Advance Premarket Wednesday,Yahoo,https://finnhub.io/api/news?id=6aceedd675c7a08a4b95b1f2e58e262f55a68071779015e36c3ceb5d0835ec05,0.0,0.684,0.316,0.743,2025-04-16
2025-04-16 13:07:00,Chevron or ExxonMobil: Which Big Oil Leads the Permian Charge?,Yahoo,https://finnhub.io/api/news?id=588e6a393f258ba2c428b5437fe06a0bdb831e0e4ac54b6239c1c37e1bab47cd,0.0,1.0,0.0,0.0,2025-04-16
2025-04-16 12:05:00,ExxonMobil Begins Installing Fourth FPSO to Tap Guyana's Reserves,Yahoo,https://finnhub.io/api/news?id=2ef1dc33dfeb586564b7952f719a2d53fcbd147de2db923ed648f64e5a5e288f,0.0,0.907,0.093,0.4549,2025-04-16
2025-04-16 10:44:00,Petrobras' Environmental Hurdles Lead to Oil Blocks Auction in Brazil,Yahoo,https://finnhub.io/api/news?id=aa07cb21da2d3177beb2a87055ea16fd17376ff7fb90d3d6989d70ac043721c8,0.137,0.863,0.0,-0.4215,2025-04-16
2025-04-16 10:40:00,StoneCo   and RH have been highlighted as Zacks Bull and Bear of the Day,Yahoo,https://finnhub.io/api/news?id=06077514b5145bc81714974bde2872dbf383144fd2e25980067fa72b0db91e79,0.0,1.0,0.0,0.0,2025-04-16
2025-04-15 17:42:10,Is Exxon Mobil Corporation (XOM) the Best Oil Stock to Invest in According to Billionaires?,Yahoo,https://finnhub.io/api/news?id=806f12c0d12ea99fe653a5f9c1fdfa66af158acd44d574d89d42eb8fe1893d59,0.025,0.763,0.212,0.9517,2025-04-16
2025-04-15 16:58:00,ExxonMobil Deems Gas Find at Elektra-1 Well Commercially Unviable,Yahoo,https://finnhub.io/api/news?id=3e0000a27abe4e8641f99d51c66eb1f2f0d0e72310129a2139e5cd78138370ea,0.0,0.848,0.152,0.5106,2025-04-16
2025-04-15 14:22:00,2 Stocks Likely to Beat on Q1 Earnings Echoing XOM's Upstream Optimism,Yahoo,https://finnhub.io/api/news?id=685b661efc1c31537c8e80460f7a8e2423e54de207b59d2032daf6b4b65604fa,0.0,0.904,0.096,0.5423,2025-04-15
2025-04-15 13:35:41,Exxon Mobil (XOM): The Best Undervalued Energy Stock to Invest in Now,Yahoo,https://finnhub.io/api/news?id=f35d43c8636345d9a603d633195c9e3925110386d74145b614ff3eb619e7f95e,0.045,0.772,0.183,0.8779,2025-04-15
2025-04-15 11:09:00,Desiring Durable Passive Income During an Economic Downturn? These Elite Dividend Stocks Have Hiked Their Payouts In Each of the Last 4 Recessions.,Yahoo,https://finnhub.io/api/news?id=7a1b7284ff8c44d16816cff41526e81c285d51e0e0a4a52cd11383d163621995,0.124,0.833,0.042,-0.8126,2025-04-15
2025-04-15 09:55:00,Thinking About Buying Dividend Stocks During the 2025 Nasdaq Bear Market? Consider These Risks First.,Yahoo,https://finnhub.io/api/news?id=a6e529b2cd87518f5d54c186d1fd75994399c7dbc3ba7034a532affc5072daff,0.052,0.845,0.103,0.7964,2025-04-15
2025-04-15 08:20:00,A World In Flux: Managing Evolving Risks In Equity Markets,SeekingAlpha,https://finnhub.io/api/news?id=932f6b34e1a371ea0f58b054656ef03f4f6b2c6e6d5ac869ea65c578f370b3e9,0.212,0.698,0.09,-0.4939,2025-04-15
2025-04-14 23:17:11,Is Exxon Mobil Corporation (XOM) the Best Bargain Stock to Buy in May?,Yahoo,https://finnhub.io/api/news?id=f7df8a00b37ef3e12f16833ba5b0fc1b47cd22e559003f63805ca1106b2550cb,0.046,0.737,0.217,0.9349,2025-04-15
2025-04-14 21:45:15,Exxon Mobil (XOM) Gains But Lags Market: What You Should Know,Yahoo,https://finnhub.io/api/news?id=c05d70284edfc4c3c03ec82f1ccb605b68cdeab9f5e7f4c9ba85149258607bac,0.088,0.866,0.046,-0.3716,2025-04-15
2025-04-14 21:01:43,"34-Year-Old Making $3,400 a Month in Dividends Shares His Top 7 Stocks — 'Be Lucky and Save Relentlessly'",Benzinga,https://finnhub.io/api/news?id=58f5cf98e2c207585b93b24789040e12a0ceaaa816816457a46a3748ea689028,0.0,0.583,0.417,0.8402,2025-04-15
2025-04-14 14:51:32,US-Iran Talks Fuel Oil Rally: Here Are 3 Energy ETFs In The Radar,Benzinga,https://finnhub.io/api/news?id=500517d9cb4a46513a5b7af3f77b6cc5eb9607a8864596c6c8c815aa7b49f0ae,0.147,0.596,0.257,0.6369,2025-04-14
2025-04-14 13:51:38,Exxon Mobil Corporation (XOM): Among the Best Dividend Paying Stocks According to Hedge Funds,Yahoo,https://finnhub.io/api/news?id=fc9a7b40dfa84d4445295998694364063f5e62046c2625390d8403d57a11d34d,0.0,0.755,0.245,0.9674,2025-04-14
2025-04-14 11:26:58,Energy Secretary Chris Wright Is 'Bullish' As Oil Prices Crater,Benzinga,https://finnhub.io/api/news?id=a2707446251f3903a537ea29a2d835505874a5c7f26b08a8098ba156f80fefc2,0.0,0.734,0.266,0.8133,2025-04-14
2025-04-14 07:14:00,"Zacks Value Trader Highlights: Exxon Mobil, Chevron and EOG Resources",Yahoo,https://finnhub.io/api/news?id=f949b199c681d0bd200c4d9dcff0940d759eab8d7769233ab8b3a69b912cf8da,0.0,0.81,0.19,0.631,2025-04-14
2025-04-13 14:23:03,PFM: Dividend Growth ETF With High Fees And Average Result,SeekingAlpha,https://finnhub.io/api/news?id=f3d8630b0a36d538c7de984815e01ea673951c2b0c1d5b3aa52588539d547dbf,0.0,0.776,0.224,0.3818,2025-04-14
2025-04-13 14:20:00,Cash In on the Stock Market Sell-Off. 3 Elite Dividend Stocks Now Yielding Around 4% to Buy and Boost Your Income.,Yahoo,https://finnhub.io/api/news?id=c22228d4f406989fdb5ff2a2591c11bd49fe13e156da7b4425771f80806841c3,0.021,0.94,0.038,0.296,2025-04-14
2025-04-13 08:01:00,Navigating Today's Volatile Market: A Stress-Free Approach,SeekingAlpha,https://finnhub.io/api/news?id=f550b61b366c64e835b4cb13ccf6ac34159c26dff6938ed36481c05c9cfa4ca3,0.066,0.877,0.058,-0.0772,2025-04-14
2025-04-12 11:29:00,"Cathie Wood, Mario Gabelli, and 5 Other Pros on the Market Turmoil—and What Comes Next",MarketWatch,https://finnhub.io/api/news?id=abc13260b2f4431f36de0a3b9538b41310cc5729653b41f4985938947439cdb8,0.0,1.0,0.0,0.0,2025-04-14
2025-04-12 00:30:00,"VDE: Energy On The Brink, Why $50 Oil Is Key",SeekingAlpha,https://finnhub.io/api/news?id=1dba6899c32d269ffcf52a9cbb217f622d8c25a44028bcfac87b9c0f1a0cdeca,0.0,0.785,0.215,0.8074,2025-04-14
2025-04-11 20:41:21,Is Exxon Mobil Corp. (XOM) A Cheap NYSE Stock to Invest in According to Hedge Funds?,Yahoo,https://finnhub.io/api/news?id=0416ab24f1a5cfd26997a309dad1d582b13173b96a26b9acf63e6e13ebeb01ce,0.0,0.966,0.034,0.3612,2025-04-14
2025-04-11 18:38:20,"FTC takes step toward reversing Chevron, Exxon board restrictions",Yahoo,https://finnhub.io/api/news?id=b9aa33509a60680c7f54eb3fafdb7a7e35adb7ad82f0d4f98a74c9500ab8716b,0.0,0.926,0.074,0.6908,2025-04-14
2025-04-11 16:30:00,7 Market Pros on Wall Street’s Wild Month,MarketWatch,https://finnhub.io/api/news?id=a14842f321dec571ae40272ecdc6cbf18e3f5f6a5931799bb0f97c0c2de0c913,0.0,1.0,0.0,0.0,2025-04-14
2025-04-11 15:11:00,"FTC Seeks Public Comment on Petitions for Exxon, Chevron Megadeals",MarketWatch,https://finnhub.io/api/news?id=1b90c1de1de898666d2c5aebe6cef6c1763fa4d1f4aa66470a89fc4c9b569841,0.0,1.0,0.0,0.0,2025-04-11
2025-04-11 15:02:02,"Nvidia, defensive consumer plays, Logitech: Trending Tickers",Yahoo,https://finnhub.io/api/news?id=df9473f77ba30210be17a9df83307f101ce5f5218f22cb0b63883976cfd78b56,0.075,0.826,0.099,-0.0516,2025-04-11
2025-04-11 14:42:49,Shares of companies in the broader energy sector are trading higher as oil and natural gas rise. Energy has been volatile as investors assess tariff developments and recent OPEC+ actions.,Benzinga,https://finnhub.io/api/news?id=3fdb85227ef18ff38db4ee2fda979ec5a2130815acf25e78d231bbf81d333672,0.0,0.745,0.255,0.7845,2025-04-11
2025-04-11 13:19:00,"Company News for Apr 11, 2025",Yahoo,https://finnhub.io/api/news?id=bdb663f7788e829aaf525e250d83217e807bee7dd2cedfc007cb180044b98132,0.0,1.0,0.0,0.0,2025-04-11
2025-04-11 12:40:02,Why Wall Street's biggest bear isn't budging on his calls after Trump tariff pause,Yahoo,https://finnhub.io/api/news?id=6d5593a59112625f9f977074ed57a44cdadbce77cfe3a500c1ecc088cc25b824,0.0,1.0,0.0,0.0,2025-04-11
2025-04-11 12:36:23,Carbon capture and storage: Indonesia's winning opportunity,Finnhub,https://finnhub.io/api/news?id=d170f02e9424ed0ad059faf97e3543db1a6c5d8cce9633a6ff065075158bd420,0.038,0.694,0.268,0.882,2025-04-11
2025-04-11 12:20:00,This is Why Investors Should Exercise Caution With Petrobras,Yahoo,https://finnhub.io/api/news?id=135c17881cbecc88829103aa32faaa8833ac3f520249bfae1cb9b5a652c8dbb0,0.0,0.726,0.274,0.7506,2025-04-11
2025-04-11 11:01:23,Equinor Has A Top-Of-The-Line Profitability At Bottom-Of-The-Market Prices,SeekingAlpha,https://finnhub.io/api/news?id=2191410731459127b4640c240a3bab731713a9c0088fea9616f3fe57afda06f6,0.0,0.769,0.231,0.2732,2025-04-11
2025-04-11 10:00:40,What falling oil prices mean for the economy,Yahoo,https://finnhub.io/api/news?id=1c3838b5920e4951fb86822eafcc083009d7c8fbc7beac840aac68d64ef402c6,0.129,0.871,0.0,-0.8979,2025-04-11
2025-04-26 22:23:00,3 No-Brainer Energy Stocks to Buy With $500 Right Now,Yahoo,https://finnhub.io/api/news?id=3ef8a07d3915ad2f2b2c73f2ffab04946834304a5c107ccaa8d7b2ac5b1b5ab6,0.017,0.709,0.274,0.9661,2025-04-28
2025-04-26 18:33:00,ExxonMobil Continues to Capture More of This Potentially $4 Trillion Future Market Opportunity,Yahoo,https://finnhub.io/api/news?id=c470349d51b302b822c1fc2d4574fd8429b688e46697e9cb4008579c619b0acd,0.0,0.827,0.173,0.8834,2025-04-28
2025-04-26 13:19:46,Is Exxon Mobil Corporation (XOM) the Best Safe Stock to Buy According to Hedge Funds?,Yahoo,https://finnhub.io/api/news?id=ab62c93d41cbf22b0f440f944cf48ff806f6a20aa38c372eea0b95979aa61f77,0.0,0.753,0.247,0.9694,2025-04-28
2025-04-26 11:00:00,"Microsoft, Apple Set To Report Earnings As Markets Watch Out For Core PCE Price Index",SeekingAlpha,https://finnhub.io/api/news?id=d78c26e18c68b7705191062a2c17e2e55a608a8277fc05a553bb1186f0311979,0.0,1.0,0.0,0.0,2025-04-28
2025-04-26 08:00:00,5 Best CEFs This Month For Yields Up To 15% (April 2025),SeekingAlpha,https://finnhub.io/api/news?id=92f6fde472f0f7d1aad43f00c3e261e9356d999b83967de91340ac47aa791c2d,0.0,0.726,0.274,0.8834,2025-04-28
2025-04-25 14:05:50,Guyana Q1 oil production sees 3% YoY increase,Yahoo,https://finnhub.io/api/news?id=128837602a680499c5c9d750e4a086e802f4e113db004bab5474e0350a207293,0.0,0.845,0.155,0.5574,2025-04-25
2025-04-25 14:00:21,Exxon Mobil (XOM) Expected to Beat Earnings Estimates: Can the Stock Move Higher?,Yahoo,https://finnhub.io/api/news?id=9d517cf1777c917cae6b5457a4b51f4a5a7f70be7dd847bb05a8fdec8185f27f,0.0,0.952,0.048,0.2263,2025-04-25
2025-04-25 12:22:57,Exxon Mobil Corporation (XOM): One of the Growing Dividend Stocks with Low PE Ratios,Yahoo,https://finnhub.io/api/news?id=f00910d1684f2b043027db2ebe01ae6c1b8a0597f786a3609588f1fe6749e79e,0.052,0.775,0.173,0.836,2025-04-25
2025-04-25 11:05:35,"From Oil Rigs To Runways: Exxon Mobil, Boeing Get The Leveraged Trading Treatment (CORRECTED)",Benzinga,https://finnhub.io/api/news?id=0b4200cc7b98fc21338da015c5742f6472c7247ea39ed8b91f5f77bc7b5f4ff0,0.0,0.958,0.042,0.128,2025-04-25
2025-04-25 09:30:00,Exxon Mobil: DOGE'd And Confused,SeekingAlpha,https://finnhub.io/api/news?id=a49889e09b77c752262b16a0e127ca8df82bba0474a48a59e5390832caf450e0,0.365,0.635,0.0,-0.3182,2025-04-25
2025-04-25 05:15:29,"Exclusive-Aster Chemicals to bid for Exxon Mobil's Singapore fuel stations, sources say",Yahoo,https://finnhub.io/api/news?id=6c6dfb2db96a26dc4644f1df8ad8854c44697074e57385296925dc6e169031b6,0.019,0.881,0.1,0.8082,2025-04-25
2025-04-25 05:00:19,"Stocks to watch next week: Apple, Microsoft, Shell, HSBC, Lloyds and AstraZeneca",Yahoo,https://finnhub.io/api/news?id=ca9edd4559b6c0357af687f6e1cde0db5177f361a0cc944c63fa7a6a219797cd,0.0,1.0,0.0,0.0,2025-04-25
2025-04-24 18:23:36,Exxon Mobil (NYSE:XOM) Partners With Calpine for Large-Scale Carbon Storage and Low-Carbon Energy,Yahoo,https://finnhub.io/api/news?id=480f6f84913cb271a2362c6d66d3d9d3c45e0947755de05381073f50fd9b8dd4,0.0,0.804,0.196,0.9477,2025-04-25
2025-04-24 16:31:00,"Exxon Mobil Corp. stock rises Thursday, still underperforms market",MarketWatch,https://finnhub.io/api/news?id=da503a6cd711bc7fbc5b18a6e968235dd0ab104ddb06f2464aa76f6d4c9a4ead,0.0,1.0,0.0,0.0,2025-04-25
2025-04-24 15:40:04,OMVKY vs. XOM: Which Stock Is the Better Value Option?,Yahoo,https://finnhub.io/api/news?id=b146436a3f49aecce05d27fc36529e75c5514e94c3a444466cdde47eec9242bd,0.0,0.593,0.407,0.8738,2025-04-24
2025-04-24 15:10:50,Exxon Mobil announces CO2 transportation and storage agreement with Calpine,Yahoo,https://finnhub.io/api/news?id=06df5928a67f892e40ca38372f6efc5545faff3226f59adec1515ec13a9dd16d,0.0,0.883,0.117,0.875,2025-04-24
2025-04-24 14:40:26,"OPEC+ considering accelerated oil output increase for June, Reuters says",Yahoo,https://finnhub.io/api/news?id=737ccfd8961d2e3fecf21476726cd6d2e81c33c4b615a57623d726335c4486b9,0.031,0.943,0.026,-0.1027,2025-04-24
2025-04-24 14:25:59,Trump Trade: Trump considers cutting tariffs on Chinese imports,Yahoo,https://finnhub.io/api/news?id=9febee60cfb639e48e16bb6a35919ab999753226df3f53646be4a8a4784436db,0.065,0.905,0.03,-0.5267,2025-04-24
2025-04-24 13:00:11,How to Find Strong Oils-Energy Stocks Slated for Positive Earnings Surprises,Yahoo,https://finnhub.io/api/news?id=ed7f17596c75b608829c0eaa239dfdd071b443a314ee0769d280d2703e2d1a35,0.0,0.63,0.37,0.9231,2025-04-24
2025-04-24 10:54:00,3 Absurdly Cheap Dividend Stocks to Buy Right Now,Yahoo,https://finnhub.io/api/news?id=d958c1514a82ac97802145bbc5a65993ac766e68fb165a4a202dd4aac26afdbb,0.032,0.792,0.176,0.9325,2025-04-24
2025-04-23 16:10:10,Will Exxon (XOM) Beat Estimates Again in Its Next Earnings Report?,Yahoo,https://finnhub.io/api/news?id=919603cd25de6bf7478f817a7c4bfacfff22f3da7335d16481ad12de35582542,0.0,0.873,0.127,0.6597,2025-04-24
2025-04-23 14:52:00,"Calpine, ExxonMobil Sign CO2 Transportation and Storage Agreement for Power Generation Project",Yahoo,https://finnhub.io/api/news?id=0955e68e15232576f1071ebf732ad139634b73aa655d745fe637aab2abbb9dd2,0.0,0.884,0.116,0.875,2025-04-23
2025-04-23 13:00:09,These 2 Oils-Energy Stocks Could Beat Earnings: Why They Should Be on Your Radar,Yahoo,https://finnhub.io/api/news?id=2c1771cc5a65208f061f9ce8ef205666f772fcb0f10286629885c43862e33938,0.0,0.789,0.211,0.7906,2025-04-23
2025-04-23 11:31:40,3 Dividend Stocks Offering Yields Up To 3.6%,Yahoo,https://finnhub.io/api/news?id=bb92bc482926d784528e78f9815584923485acee158d03c88fb348b1cab62047,0.0,0.893,0.107,0.7906,2025-04-23
2025-04-23 11:02:14,"7-Eleven Canada Bucks Industry Trend, Plans to Add Major Oil Company Brands -- OPIS",Finnhub,https://finnhub.io/api/news?id=646007ae9bcb470bef689c4d53ea1cc6c82c1bde36482818613b263a45508b8f,0.0,1.0,0.0,0.0,2025-04-23
2025-04-23 10:16:00,BP Stock Jumps. Activist Elliott Raises Stake Above This Key Level.,MarketWatch,https://finnhub.io/api/news?id=ed2ba378089a042b531cf154c8f29770eb1965f0a2a8c92f2bee1376383ebca5,0.0,1.0,0.0,0.0,2025-04-23
2025-04-23 01:33:00,3 Magnificent S&P 500 Dividend Stocks Down 15% to Buy and Hold Forever,Yahoo,https://finnhub.io/api/news?id=a616cb74a53ac2c3b2e0b6cd95fcbadaf26b64fdad4f3e85bde61b779444321b,0.067,0.751,0.182,0.8622,2025-04-23
2025-04-23 01:00:00,Energy Has Been Hit Hard. Buy Chevron Stock Before It Bounces Back.,MarketWatch,https://finnhub.io/api/news?id=35f478aa0d17c734b481948719d5352424dbd923e5bfe4f71230f8300333dc5c,0.104,0.741,0.156,0.34,2025-04-23
2025-04-22 21:46:00,ExxonMobil to Release First Quarter 2025 Financial Results,Yahoo,https://finnhub.io/api/news?id=4f71764c1f4fc79b2e6bbef0c53b10a55e22f7dbae48f4210cd09c047e31a2b7,0.0,1.0,0.0,0.0,2025-04-23
2025-04-22 14:38:00,"Shares of energy stocks are trading higher as the price of oil rises. Oil has gained amid overall market strength following US Treasury Secretary Scott Bessent's reported remarks about trade de-escalation with China. Recent Iran sanctions may also be driving supply uncertainty. - Marathon Petroleum (NYSE:MPC), Chevron (NYSE:CVX), Western Midstream (NYSE:WES), TotalEnergies (NYSE:TTE)",Benzinga,https://finnhub.io/api/news?id=d21b6db5a63012648da5cf0b3bd2b69c2945f5949da0d1bee4c56d2eff08602e,0.039,0.767,0.194,0.8176,2025-04-22
2025-04-22 13:17:52,EIPI: Delivering Steady Distribution To Investors,SeekingAlpha,https://finnhub.io/api/news?id=176e351d91f627df554fa7ddb1b0e74fc4dbd8a521fc4615efb72ba16a933f00,0.0,0.932,0.068,0.2732,2025-04-22
2025-04-22 11:24:12,ExxonMobil Gives Walmart+ Members 50 Cents Off Per Gallon On Fill-Ups For Walmart+ Week,Finnhub,https://finnhub.io/api/news?id=0278002bbfa4050ccd0f08a88c323d31071e088588aac3cdd3887db415faefa1,0.0,0.888,0.112,0.7212,2025-04-22
2025-04-22 09:32:50,Standard Lithium: Trump Deals Lithium Industry A Royal Flush,SeekingAlpha,https://finnhub.io/api/news?id=8a7f0538be278bead368b5d85f184ca9960d40a5129a8fcfe7bfee2ae697b11b,0.0,1.0,0.0,0.0,2025-04-22
2025-04-22 09:32:00,New Strong Sell Stocks for April 22nd,Yahoo,https://finnhub.io/api/news?id=e65fd38a8f509767df6aaea788762ecf714b1fe4e795e29d469dc53036481e38,0.0,0.784,0.216,0.765,2025-04-22
2025-04-22 09:30:00,Big Oil Is Offshoring Its Prized Engineering Jobs to India,Yahoo,https://finnhub.io/api/news?id=f7e4d8078c145d2ef4f2f0c40220e9803d18e179aa1f698538f68f50401f4f51,0.049,0.841,0.11,0.4404,2025-04-22
2025-04-22 05:44:40,Exxon Mobil Corporation (XOM): Among the Energy Stocks with Fat Dividends,Yahoo,https://finnhub.io/api/news?id=52dfc4c9595d30b303989a2e719c00b778b52938156ba743f8478e6784c1c810,0.0,0.802,0.198,0.9231,2025-04-22
2025-04-22 02:00:00,Here's How You Can Earn $100 In Passive Income By Investing In Exxon Mobil Stock,Yahoo,https://finnhub.io/api/news?id=38ede67392634ad34a2ed81ada879f1cbf544713901a465244d547e6a329558b,0.059,0.851,0.09,0.0813,2025-04-22
2025-04-21 21:45:31,Exxon Mobil (XOM) Stock Moves -1.47%: What You Should Know,Yahoo,https://finnhub.io/api/news?id=1507809d602794e77b1da1413d6d1e0bdb15e1c98fd9bba574234dc77af734c6,0.0,1.0,0.0,0.0,2025-04-22
2025-04-21 17:10:11,Is Exxon Mobil Corporation (XOM) the Best American Dividend Stock to Buy According to Analysts?,Yahoo,https://finnhub.io/api/news?id=7537eb4778ccbdb175c989222a7a3b7ac24c6ce5adb4c048cf63990da78f189f,0.0,0.827,0.173,0.9349,2025-04-22
2025-04-21 15:52:00,"Shares of energy stocks are trading lower as oil falls amid US-Iran talks. - Marathon Petroleum (NYSE:MPC), Petrobras Brasileiro (NYSE:PBR), Chevron (NYSE:CVX), Western Midstream (NYSE:WES)",Benzinga,https://finnhub.io/api/news?id=399f454fb1139a9c984b5ca1304e681ec15bc27571d25d3f1548f336e426b54c,0.077,0.772,0.151,0.2732,2025-04-21
2025-04-21 14:16:17,Exxon Mobil Corporation (XOM): Among Billionaire Rob Citrone’s Top Stock Picks,Yahoo,https://finnhub.io/api/news?id=bcdbcc8f6016af0d637b711b857df2da62667079753c5a85bd9bc83522f81c1f,0.18,0.752,0.068,-0.9001,2025-04-21
2025-04-21 14:00:00,"How To Build A $500,000 Dividend Portfolio That Could Yield 18.35% In 20 Years",SeekingAlpha,https://finnhub.io/api/news?id=8e6e3fa32e40da513514f0f565d1f27638b2825a954a29a44461dbeec46ac129,0.0,1.0,0.0,0.0,2025-04-21
2025-04-21 14:00:00,The Oil Patch’s ‘Manhattan Project’: How to Fix Its Gargantuan Water Problem,Yahoo,https://finnhub.io/api/news?id=616eece369b9ca03db93f43f1bde3dad19e8f03c199c58504eb39683febe3cc2,0.072,0.716,0.212,0.6486,2025-04-21
2025-04-21 13:00:15,Exxon Mobil Corporation (XOM) Is a Trending Stock: Facts to Know Before Betting on It,Yahoo,https://finnhub.io/api/news?id=99c1b0fc8dc1152f25f7f41177c9b2a08db32e5eb16c72ea863a2a5cffa788d5,0.066,0.89,0.044,-0.2263,2025-04-21
2025-04-21 09:33:08,EQT Corporation Takes Its Foot Off The Breaks And Readies For Higher Gas Prices,SeekingAlpha,https://finnhub.io/api/news?id=93f0f4a900bc9b57f71509b7b97af1b403aa3a68035c3e470cf35ca79e31fd3c,0.0,1.0,0.0,0.0,2025-04-21
2025-04-20 13:20:52,Is Exxon Mobil Corporation (XOM) the Best Low Volatility Stock to Buy Now?,Yahoo,https://finnhub.io/api/news?id=704177e425810b0b82e376058b8020a12df5729fbb49459b222c08413a7a24a8,0.076,0.747,0.177,0.886,2025-04-21
2025-04-19 15:48:45,Exxon Mobil Corporation (XOM): Among Value Stocks in Ken Fisher’s Portfolio,Yahoo,https://finnhub.io/api/news?id=6be6ad5ba52923b85f11947547bdef96278aa6e1af7d0c9d8dce1419a9497bce,0.047,0.855,0.098,0.4019,2025-04-21
2025-05-04 23:46:54,Hess Midstream: Insider Selling Onslaught Continues,SeekingAlpha,https://finnhub.io/api/news?id=b64fd413d70765d87b2754636e32e32a6780c3be484088276b23f481c42fc0e9,0.0,0.759,0.241,0.743,2025-05-05
2025-05-04 23:18:25,"ExxonMobil Reports Flaring At Joliet, Illinois Refinery On May 2",Finnhub,https://finnhub.io/api/news?id=82032dd872bc62b5d9f88260d6f6e3d3636e713ae6c2ad5bcd000ea7d9ebdfa4,0.094,0.906,0.0,-0.516,2025-05-05
2025-05-04 15:18:24,Is Exxon Mobil Corporation (XOM) The Most Profitable Cheap Stock to Buy Now?,Yahoo,https://finnhub.io/api/news?id=93eade824d24eb0ff12f57f617eaf0a8131459c2c56e5186586bdff1c8758bdf,0.0,0.873,0.127,0.8618,2025-05-05
2025-05-04 13:12:00,"The World Is Past ‘Peak Climate,’ but Exxon Lags Behind",DowJones,https://finnhub.io/api/news?id=67164a1da5b3a84a277cb5cd5383247cdea35b579c5d0bbf4762abd6e013829d,0.265,0.735,0.0,-0.7579,2025-05-05
2025-05-04 08:42:15,Shell Is Studying Merits of BP Deal as Rival’s Stock Slumps,Yahoo,https://finnhub.io/api/news?id=fa7afc72eb66860fb19a2d478f98e4ea6b86ecf9bc33c0546c6c9ec74c4fd88a,0.073,0.899,0.028,-0.5106,2025-05-05
2025-05-03 23:26:09,Exxon Mobil: Acceleration Of Advantaged Products,SeekingAlpha,https://finnhub.io/api/news?id=d56ee9c8e5d94d62d55d800de63a6398fa5745424195ab5d4b315b83d28b76ed,0.0,0.625,0.375,0.875,2025-05-05
2025-05-03 18:32:00,ExxonMobil Continues to Prove It's the Best-Run Company in the Oil Patch,Yahoo,https://finnhub.io/api/news?id=27864839504ef61602af56c101f03ae2451e2b5d9b6bc056ac6ebb3fbd346edc,0.0,0.938,0.062,0.4404,2025-05-05
2025-05-03 15:34:26,Rubio’s Ascendance Masks Bigger Question of Who Has Trump’s Ear,Yahoo,https://finnhub.io/api/news?id=82e0bb1c931abb9bf585db1c4a6466fe776592c04fa82227429aefb5999a602f,0.074,0.862,0.064,-0.2516,2025-05-05
2025-05-03 12:13:24,Big Oil Isn’t Budging on Output as OPEC+ Supply Hike Looms,Yahoo,https://finnhub.io/api/news?id=d885a1621004bcf4360d02132344d99ff4a3c78b6c385b32140108a06d1ebd12,0.141,0.833,0.025,-0.875,2025-05-05
2025-05-03 07:04:49,Exxon Mobil Corp (XOM) Q1 2025 Earnings Call Highlights: Strong Earnings and Strategic ...,Yahoo,https://finnhub.io/api/news?id=530c80f90e6706b6c1d4697fec40fe370d0cfd25214bf66aac303c2e881acbab,0.0,0.709,0.291,0.8442,2025-05-05
2025-05-03 07:00:54,Exxon Mobil Corp (XOM) Q1 2025 Earnings Call Highlights: Strong Earnings and Strategic Growth ...,Yahoo,https://finnhub.io/api/news?id=fc523e7e981e3e43abe61d8ac3df36bf2dbb0a5e8e58de0c33f29889b9023015,0.0,0.733,0.267,0.872,2025-05-05
2025-05-03 05:31:20,Q1 2025 Exxon Mobil Corp Earnings Call- Q&A Session,Yahoo,https://finnhub.io/api/news?id=c634affd392cbf0a76efe1b1f78112a6a3393c59155b6082d4246a3693f3199f,0.0,1.0,0.0,0.0,2025-05-05
2025-05-03 00:53:08,Q1 2025 Exxon Mobil Corp Earnings Call- Prepared Remarks,Yahoo,https://finnhub.io/api/news?id=ab8e37dc3e31f66305fd66c4037dc3701e6e9ed423f764d07dcc826c9f75924b,0.0,0.808,0.192,0.4215,2025-05-05
2025-05-02 21:27:46,"Big Oil earnings show split in production strategy, shareholder returns",Yahoo,https://finnhub.io/api/news?id=fa25fe963ddc48eb8ad177f0804f16f9db86a775fdc9b68f30b0e08a1368ea28,0.123,0.763,0.113,0.0258,2025-05-05
2025-05-02 20:40:22,Here are the latest companies warning about tariffs,Yahoo,https://finnhub.io/api/news?id=242710d77e7823f40f1227af02d06d395de1785619ac43f0b6ec0f85aaf5b00a,0.081,0.919,0.0,-0.6682,2025-05-05
2025-05-02 20:33:35,NEW YORK MARKET CLOSE: Wall Street ends week green as S&P hits record,Fintel,https://finnhub.io/api/news?id=a0d76d083ad63798f0b26ea81a29737e4c9277494d4e39083d2abc872b4e1667,0.0,1.0,0.0,0.0,2025-05-05
2025-05-02 19:31:44,Chevron Cuts Buybacks As Oil Plunges,Yahoo,https://finnhub.io/api/news?id=286a55e6350e1e1c577ec2c1b0f5e4ec4c3a05b2f1b5f7b0b583c23d12324813,0.087,0.814,0.099,-0.0516,2025-05-05
2025-05-02 19:19:35,Oil Falls as OPEC+ Weighs Another Major Production Increase,Yahoo,https://finnhub.io/api/news?id=656ac9019c07f080fad7d8b5eef71907c40ad11b88a1d29c5110a3c1c28c0f74,0.097,0.849,0.054,-0.4842,2025-05-05
2025-05-02 18:52:27,"Exxon and Chevron hold the line against tariffs, OPEC, and plunging oil prices",Yahoo,https://finnhub.io/api/news?id=91cdfa6cb1c72d629c3b572736993ac7442b595e6c21dba219703f93a19abff6,0.063,0.868,0.068,0.0516,2025-05-05
2025-05-02 17:56:09,Exxon Mobil (NYSE:XOM) Declares Q2 Dividend Amid Earnings Decrease In US$81 Billion Sales,Yahoo,https://finnhub.io/api/news?id=83b687638438fdc124c5c20c1b0765e6c0a90ef65424413a2d3bca7ff26af208,0.074,0.807,0.119,0.542,2025-05-05
2025-05-02 17:49:09,Sector Update: Energy Stocks Rise Friday Afternoon,Yahoo,https://finnhub.io/api/news?id=083fe6a7cf938dcac1ccbe15fcc7748e510b5de901ec791a95d4e21cf90b9b12,0.0,0.769,0.231,0.6486,2025-05-05
2025-05-02 16:56:39,"Chevron signals readiness to integrate Hess, downplays Exxon arbitration risk",Yahoo,https://finnhub.io/api/news?id=50e36e5981061432902fcef96d5244dcd804b19fa353d16a22530679c07c9968,0.024,0.827,0.149,0.8439,2025-05-05
2025-05-02 16:46:00,"Energy Climbs After Exxon, Chevron Earnings - Energy Roundup",MarketWatch,https://finnhub.io/api/news?id=76b9412e03e3b4504b27d90131b68bad456b563d91b27af4bf43d8ebe353c5fe,0.0,0.625,0.375,0.7506,2025-05-05
2025-05-02 16:06:18,Exxon Mobil : 2024 Executive compensation overview,Finnhub,https://finnhub.io/api/news?id=3e46879aaceb868699eaee3d14dfa1823b3ebd838126ffb019e2c949aea47633,0.0,0.841,0.159,0.5766,2025-05-05
2025-05-02 16:06:18,Exxon Mobil : Supplemental disclosure to SEC (Supplemental disclosure to SEC May 2 2025),Finnhub,https://finnhub.io/api/news?id=8d4e2eb3f268cac82b03a0bfb41be7ea625c34fbf5282f7bc164c2f7c97db240,0.0,0.871,0.129,0.5766,2025-05-05
2025-05-02 15:09:00,"Exxon Sticks With Plans for Stock Buybacks, Capex, as Oil Slides",Yahoo,https://finnhub.io/api/news?id=d22382b10c5c796adcfc9debf9a82eaa1b410dbdd821209dbf93470513616018,0.127,0.809,0.064,-0.5859,2025-05-02
2025-05-02 14:34:19,"Exxon & Chevron earnings, energy challenges under Trump 2.0",Yahoo,https://finnhub.io/api/news?id=ec70ba284e2247b37ac24ecf2686b22a3af7370b08959709e2a50e3927b08327,0.029,0.812,0.159,0.8705,2025-05-02
2025-05-02 14:19:00,Should You Stay Invested in BP Stock or Sell it Post Q1 Earnings?,Yahoo,https://finnhub.io/api/news?id=e2a072c43b949c3facc241eedc7c9cf4aa52f20836e2159867492aafa123b7c8,0.0,1.0,0.0,0.0,2025-05-02
2025-05-02 13:45:15,"Exxon Mobil, Chevron Top First-Quarter Earnings Views, Miss Revenue Estimates",Yahoo,https://finnhub.io/api/news?id=bf13ca8af85a430110203191bdf185e3ca10c78bf7a5d7debdf0278ac75f2f19,0.068,0.855,0.077,0.0516,2025-05-02
2025-05-02 13:33:27,Chevron Makes This Surprise Move In Guyana Contest With Exxon Mobil,Yahoo,https://finnhub.io/api/news?id=7f7975bbe338908b7b1e2bc3668b5162b43d894e2f39c9d6e923c0f0cd2ef232,0.028,0.86,0.112,0.4734,2025-05-02
2025-05-02 13:30:19,Here's What Key Metrics Tell Us About Exxon (XOM) Q1 Earnings,Yahoo,https://finnhub.io/api/news?id=65fd9dca09777f8c7f7ebfa443c524ce8e0fbc6b0a9c6eb189a058da4479ad75,0.0,0.94,0.06,0.4767,2025-05-02
2025-05-02 13:30:00,Permian Basin Growth Fuels ExxonMobil’s Quarterly Success,Yahoo,https://finnhub.io/api/news?id=a6e1b278522e529323af49942caeab732a306c5c2f4983e1b7e895e57b4a9409,0.0,0.745,0.255,0.836,2025-05-02
2025-05-02 13:00:27,Exxon Mobil Corporation 2025 Q1 - Results - Earnings Call Presentation,SeekingAlpha,https://finnhub.io/api/news?id=b9ab4aec55300a2afbe97f5f70244006d62e5681da1415c0c0afc4d4f577b39b,0.0,1.0,0.0,0.0,2025-05-02
2025-05-02 12:58:44,Exxon Mobil Corporation (XOM) Q1 2025 Earnings Call Transcript,SeekingAlpha,https://finnhub.io/api/news?id=773b3dfddad3c5d832a8bc29fda1e3b52b4ff46e2061ff4331768f8aee7c1cee,0.0,0.952,0.048,0.128,2025-05-02
2025-05-02 12:50:18,"Petrobras: Gigantic Yield, It's A Buy",SeekingAlpha,https://finnhub.io/api/news?id=361b588a66101066f82337e07e617dfe2755be05cb60cc0c0628e3d66ea0ce88,0.0,0.85,0.15,0.6266,2025-05-02
2025-05-02 12:39:42,Canada's Imperial Oil posts record first quarter profit on stronger refining margins,Finnhub,https://finnhub.io/api/news?id=38ec3534937ab12e3f3d5d5d043b47d84d4432772468ac723744482f11e2edc4,0.0,0.793,0.207,0.7964,2025-05-02
2025-05-02 12:12:08,"Wall Street Eyes 9th Straight Day Of Gains, Apple Falls As Chinese Sales Disappoint: What's Driving Markets Friday?",Benzinga,https://finnhub.io/api/news?id=9603bbe16675c9f6ce1b7dc63ac5ba8d608a9ee055051a6f2a071442af81399c,0.051,0.768,0.182,0.7184,2025-05-02
2025-05-02 12:05:00,ExxonMobil's Q1 Earnings Top Estimates on Higher Production,Yahoo,https://finnhub.io/api/news?id=d4a067e177917d96fe2ba72e0330ad69bdf8f4f8162f30d8b878f52c76d136c7,0.182,0.63,0.189,0.0772,2025-05-02
2025-05-02 12:03:00,"Exxon says it’s well-positioned to handle impact of tariffs, as it grows production by 20%",MarketWatch,https://finnhub.io/api/news?id=5b88eefd2946d3ba9fed27549d5fd8e4f4fb7c6690ace9ec9579adfee32b0647,0.0,1.0,0.0,0.0,2025-05-02
2025-05-02 11:40:05,Exxon Mobil (XOM) Beats Q1 Earnings Estimates,Yahoo,https://finnhub.io/api/news?id=4c202fb02c56aeabc0ac409123f51ef7a3cd0243887c29e984c52fd7a3aa6b45,0.068,0.827,0.105,0.128,2025-05-02
2025-05-02 11:18:52,"Exxon beats Wall Street profit estimate, on track to meet buyback target",Finnhub,https://finnhub.io/api/news?id=67d4b5701dfa495464b363442be40e94ab8c9fccd5ad1a32ca514cf5fc8a919e,0.0,0.864,0.136,0.7003,2025-05-02
2025-05-02 11:12:54,Arbitration on Exxon and Chevron dispute over Hess acquisition scheduled for 26 May,Yahoo,https://finnhub.io/api/news?id=1d002f6e934e54237e4c3033b562927a01c81bdb43ec783c01e9815f155e6525,0.189,0.811,0.0,-0.6808,2025-05-02
2025-05-02 11:11:14,"ExxonMobil, Chevron Top Profit Estimates",Yahoo,https://finnhub.io/api/news?id=c8a56fc8ef03106d0fd44212b01700240599bbd890b35fb9456eecc63f497922,0.0,0.819,0.181,0.5106,2025-05-02
2025-05-02 11:11:00,Exxon Stock Rises After Earnings Beat Expectations. It’s Sticking With Buyback Plans.,Yahoo,https://finnhub.io/api/news?id=59c82a097664c0f767b1b7d45d94d223f82fe560adc059e79721f9aca61f3ce0,0.0,0.906,0.094,0.5859,2025-05-02
2025-05-02 11:04:10,ExxonMobil profit slips on weaker margins but revenue climbs,Fintel,https://finnhub.io/api/news?id=ac00c995f543b5e1c0e6868415cbc27ed6c126c2436b653cf19389837ab877d5,0.179,0.642,0.179,0.0,2025-05-02
2025-05-02 10:56:33,Profits at American oil giants Exxon Mobil and Chevron fall in tandem with waning energy demand,Yahoo,https://finnhub.io/api/news?id=2e5b54b557ac974ddfd4fa2ddcec6c771597174b031117be8efc76de503961cd,0.017,0.836,0.148,0.836,2025-05-02
2025-05-02 10:51:20,Exxon Mobil first quarter profit slumps to the lowest level in years as energy prices fade on expected global slowdown,Yahoo,https://finnhub.io/api/news?id=f65683751a7617657da13e0ada934f63b69b80fbbfe45758e4bf5abde6b4c95e,0.106,0.691,0.203,0.5859,2025-05-02
2025-05-02 10:40:29,Exxon: Q1 Earnings Snapshot,Yahoo,https://finnhub.io/api/news?id=ff84fb1ea478f11f90bb2a835a69a515ccd09d785f012b091cd1d7d08a5e9cc9,0.0,0.859,0.141,0.6249,2025-05-02
2025-05-02 10:38:11,Exxon Mobil CEO Reaffirms Commitment To Active Buyback Strategy,Finnhub,https://finnhub.io/api/news?id=49d658d74bb3c630791e5d250d73a95f13b5ab9860faef6b4296671c95be03a4,0.0,0.713,0.287,0.9015,2025-05-02
2025-05-02 10:36:30,"Exxon beats Wall Street profit estimate, boosted by Guyana and Permian production",Yahoo,https://finnhub.io/api/news?id=97574361bcadbf4cf0f00db338423c8726f0a80a1a8e67c6520745932b098574,0.027,0.797,0.177,0.9169,2025-05-02
2025-05-02 10:33:00,"Exxon, Chevron Profits Fell Ahead of Tariff-Driven Oil Slump",Yahoo,https://finnhub.io/api/news?id=1605ffb7f5c8b43af6efe824522fa66e7d6519bfc6c9f6a2e45d3ce3b635fc9e,0.178,0.73,0.092,-0.4019,2025-05-02
2025-05-02 10:30:00,ExxonMobil Announces First-Quarter 2025 Results,Yahoo,https://finnhub.io/api/news?id=f62ca2fe0e0622e31826279e21028e5f01791a9172438099bd4bb0c8e7c64755,0.0,1.0,0.0,0.0,2025-05-02
2025-05-02 09:30:00,BP's Dividend Approaches 7% And A Fundamental Shift Toward Upstream Looks Promising,SeekingAlpha,https://finnhub.io/api/news?id=dd54a2180d8062d7bb77083f02e10c48bdd427eb303af76b2011bc1c0b40c8a9,0.0,0.745,0.255,0.8225,2025-05-02
2025-05-02 08:56:00,"Shell Stock Rises as Earnings Beat Gives Hope on Oil. Exxon, Chevron Reporting Next.",Yahoo,https://finnhub.io/api/news?id=10f2b6c8b1d95e069154c088fea2bac66cf389f8367b5c8f306dffb21f37f485,0.187,0.711,0.102,-0.6369,2025-05-02
2025-05-02 08:44:31,"Exxon Mobil Q1: Steady Production, Focus On Cost Cuts And Stock Buyback",Benzinga,https://finnhub.io/api/news?id=477495b1652133a12e63e0009a61882209460e2b65b73bb4fad18b7d1daee195,0.158,0.719,0.122,-0.128,2025-05-02
2025-05-02 08:29:15,Canada's Imperial Oil posts rise in quarterly profit on stronger refining margins,Finnhub,https://finnhub.io/api/news?id=2b783030685c0ad5c8aeeb8410fcd821b9bbf0a42c509e2da58788d65d6f1d57,0.0,0.72,0.28,0.9042,2025-05-02
2025-05-02 07:17:20,Profits for American oil giants like Exxon Mobil and Chevron fade in tandem with oil demand,Finnhub,https://finnhub.io/api/news?id=197501529f63b86a498323536b2d7aab6586aed82dd839f93b5bb19951b9427a,0.169,0.665,0.166,-0.0516,2025-05-02
2025-05-02 07:08:19,Exxon Mobil : Cautionary statement Q1 2025,Finnhub,https://finnhub.io/api/news?id=8fefb670667f5c0defeb323b082a5aacc5e43886032ec7e9834c0d87e141b32e,0.0,1.0,0.0,0.0,2025-05-02
2025-05-02 07:00:11,Exxon Mobil first quarter profits sink to lowest level in years as energy prices fade,Finnhub,https://finnhub.io/api/news?id=a9a49edf79cdf7eef038a83fa00e1c6f416c7b05081539a4339e80414c2454c7,0.188,0.652,0.161,-0.4019,2025-05-02
2025-05-02 06:42:17,Greece approves tender for hydrocarbons search in four offshore blocks,Finnhub,https://finnhub.io/api/news?id=749afc3b1bf13e7844bca47c6019004697f8182a390d94d4d034fdce59101006,0.077,0.628,0.296,0.8689,2025-05-02
2025-05-02 04:32:20,"Earnings Scheduled For May 2, 2025",Benzinga,https://finnhub.io/api/news?id=b092c8ccd633d38e1c8e201f3bd451da00e1b4346e1f08128d3e50ff91fe5a22,0.0,1.0,0.0,0.0,2025-05-02
2025-05-01 23:00:53,"Jobs report, Big Oil earnings, de minimis closure: What to Watch",Yahoo,https://finnhub.io/api/news?id=3b9176dd3047e11a9e8dcfd1e5509c8073ba935606c18b1896d24442a28cf191,0.032,0.968,0.0,-0.1725,2025-05-02
2025-05-01 21:27:00,Chevron & Exxon Mobil Earnings: What to Expect,Yahoo,https://finnhub.io/api/news?id=55dbe840924845649a368de0589a94b18ae6670d8a9e76b878774c717c3eac43,0.0,0.938,0.062,0.2732,2025-05-02
2025-05-01 18:16:55,"Court hearing in Exxon's dispute over Chevron-Hess deal set for May 26, sources say",Yahoo,https://finnhub.io/api/news?id=f806c33309077e6f1fd97690873a6ba05cb2574531d744cef9a90f874e7225f1,0.104,0.881,0.016,-0.7351,2025-05-02
2025-05-01 16:44:45,"Trump administration sues four Democratic-led states to block climate laws, lawsuits",Finnhub,https://finnhub.io/api/news?id=49e8573ba9cd0e57f64760d83599eb73606814db568e6405b9b6bafb854fb85f,0.212,0.659,0.129,-0.25,2025-05-02
2025-05-01 16:15:00,Exxon Growth Strategy Will Be Tested as It Reports Earnings,MarketWatch,https://finnhub.io/api/news?id=05e367917cf60d8dc7ad212a9c8211f3387c62a4a65c912c02da8bbd39d25ef7,0.0,0.776,0.224,0.6369,2025-05-02
2025-05-01 16:03:27,"Exxon Mobil, Chevron To Report As Oil Prices Slide. Are Buyback Cuts On The Table?",DowJones,https://finnhub.io/api/news?id=d26611a8e9716f53420feb3864182e67ebb8492f1b9d77c1b18d5b0cb4c1fd4c,0.145,0.855,0.0,-0.5803,2025-05-02
2025-05-01 11:55:37,"Trump administration sues Hawaii, Michigan to block planned climate change lawsuits",Finnhub,https://finnhub.io/api/news?id=fa27330cd5f43111bd7b6f830396352080cd24f4ccc0f53247d7ec359f303a56,0.196,0.804,0.0,-0.743,2025-05-01
2025-05-01 11:28:00,Franklin Managed Income Fund Q1 2025 Commentary,SeekingAlpha,https://finnhub.io/api/news?id=ae7273fa0ad1860259cc6167d38cb54caa3e4e2ed887bd0f3ea88ff24ec2082b,0.0,1.0,0.0,0.0,2025-05-01
2025-05-01 10:44:57,Trump administration sues Michigan to block planned climate change lawsuit,Finnhub,https://finnhub.io/api/news?id=6ea75e107c5b6a515ee4a82658c08478984faf739de9761a4bb04743a4962ec6,0.155,0.766,0.079,-0.5267,2025-05-01
2025-05-01 09:00:00,Stocks To Watch in May—And What to Watch For,Yahoo,https://finnhub.io/api/news?id=7698c695ea80190e59a61def5c15ddf4d9ad20e46b90b1481e340cff5d3be2a6,0.133,0.826,0.04,-0.6597,2025-05-01
2025-05-01 07:25:07,Exxon Mobil : Advancing Climate Solutions Report Executive Summary,Finnhub,https://finnhub.io/api/news?id=5431d432bc1d719431bf6dc38c213d39602322cf2e23f069d3fde39ec0c35845,0.0,0.754,0.246,0.6369,2025-05-01
2025-05-01 07:25:07,Exxon Mobil : Sustainability Report Executive Summary,Finnhub,https://finnhub.io/api/news?id=d5e8db564b3e22cbb414fe01eeb1d4c825fc047162bfc239e224b30415ea5f3d,0.0,1.0,0.0,0.0,2025-05-01
2025-05-01 05:02:01,"ExxonMobil Baytown, Texas Complex Reports Operational Issue",Finnhub,https://finnhub.io/api/news?id=90e791aa8785d35a3a20ea7b0115520f444417745474cae825de21295f75571d,0.0,0.898,0.102,0.5473,2025-05-01
2025-05-01 03:45:31,PRESS DIGEST- New York Times business news - May 1,Finnhub,https://finnhub.io/api/news?id=217ea8401bd4c790d5a7b931db4fc8737904583c8c6bbd8e0beacb87936a4669,0.0,0.889,0.111,0.5574,2025-05-01
2025-05-01 01:40:00,Franklin Income Fund Q1 2025 Commentary,SeekingAlpha,https://finnhub.io/api/news?id=1fbc31454716e9554e0107171c02d09c1922c1510eb20cb23929f39d91657a9a,0.0,1.0,0.0,0.0,2025-05-01
2025-04-30 16:31:00,Exxon Mobil Corp. stock underperforms Wednesday when compared to competitors,MarketWatch,https://finnhub.io/api/news?id=dc63754709d12d035c9fc5bbd4d3de7de1adeff9e9d1be7c8d145b46f79f4d15,0.0,1.0,0.0,0.0,2025-05-01
2025-04-30 13:35:38,"Shares of energy stocks are trading lower amid a drop in oil and natural gas prices following a decline in US Q1 GDP, which could weigh on demand outlook.",Benzinga,https://finnhub.io/api/news?id=0e2738038365a4a9f30983f59242db0c4fe4b0a8985df6c85de3eb548822b7c6,0.163,0.646,0.191,0.25,2025-04-30
2025-04-30 13:15:22,Wall Street's Insights Into Key Metrics Ahead of Exxon (XOM) Q1 Earnings,Yahoo,https://finnhub.io/api/news?id=8d96201013b7570a9c6f1ee8c47d4884fa95e289263891d2507e2717ec4bc0e8,0.0,0.841,0.159,0.7964,2025-04-30
2025-04-30 12:45:00,ExxonMobil's Q1 Earnings on Deck: Should You Stay Invested or Exit?,Yahoo,https://finnhub.io/api/news?id=af0004d627475f6a2ee654a7aa8396ad0274c65cf939f61e434c2f86277da20f,0.068,0.796,0.136,0.3415,2025-04-30
2025-04-30 12:32:06,"Exxon Mobil working to resolve issue at Joliet, Illinois refinery",Finnhub,https://finnhub.io/api/news?id=bf5cc03cfe3ba7ecdbac1588ae647ff0ea304cd25f0499a6dce0cb74eb338bea,0.0,0.826,0.174,0.7783,2025-04-30
2025-04-30 12:00:32,"Exxon Mobil says working to resolve operational issue at refinery in Joliet, IL",Finnhub,https://finnhub.io/api/news?id=c52a9aabbc35b488c8c713c407e2cf9cea4d3eb06abdaa4ca8ba3e872d1e1faa,0.0,0.874,0.126,0.6369,2025-04-30
2025-04-30 08:30:00,"If You'd Invested $10,000 in ExxonMobil Stock 5 Years Ago, Here's How Much You'd Have Today",Yahoo,https://finnhub.io/api/news?id=cf461f2ca8f5724263a08a51b59cbf324663b2fee3181bd34dfd9ba1c982144f,0.0,1.0,0.0,0.0,2025-04-30
2025-04-30 06:52:30,Israeli private investigator loses extradition fight over US 'hack and leak' charges,Finnhub,https://finnhub.io/api/news?id=f366d6d23fc26b910d88835e8256c50013a7f7ed2be072ded4e2e662c2d40f9b,0.273,0.727,0.0,-0.9062,2025-04-30
2025-04-30 05:17:02,Israeli private eye loses extradition fight over US 'hack and leak' charges,Finnhub,https://finnhub.io/api/news?id=bbbad0d68ffa6153130c2da7da810f6c59bae023ceeec097c94118562d2d1f54,0.264,0.684,0.052,-0.8591,2025-04-30
2025-04-29 20:07:22,Best Dividend Aristocrats For May 2025,SeekingAlpha,https://finnhub.io/api/news?id=f464ee9b58092cefa3cc5defb8d523f2a517a541963eb0ee91228b354b0a2cd8,0.05,0.768,0.182,0.6652,2025-04-30
2025-04-29 17:33:15,"Exxon Mobil Q1 Earnings Boosted by Upstream, Refining, Weighed by Chemicals, RBC Says",Yahoo,https://finnhub.io/api/news?id=f6f9da0c592788c526254e764c9e343494987511835bf7b9500e2816980b52e1,0.0,0.756,0.244,0.8271,2025-04-30
2025-04-29 14:45:14,Oil's Slippery Slide: What USO And XOP ETFs Reveal About Energy Market Panic,Benzinga,https://finnhub.io/api/news?id=3073023096b72a20aff95e69de9e1d5b2901996bba601ba300fd9925b27896d0,0.054,0.802,0.144,0.3818,2025-04-29
2025-04-29 13:55:00,"BP Stock Drops as Earnings Miss, Buyback Cut. It’s a Warning for Exxon, Chevron.",Yahoo,https://finnhub.io/api/news?id=865a9272ac4b78849e764ff619358d5d739461648f74f5f0f6f269ac80baca06,0.233,0.73,0.038,-0.72,2025-04-29
2025-04-29 13:27:00,Should You Stick With Chevron Before Its Q1 Earnings Drop?,Yahoo,https://finnhub.io/api/news?id=69cf3255bc8c1a65565e230fbf0951aca259ac2cd18b656d60824efde90c4059,0.051,0.892,0.058,0.0772,2025-04-29
2025-04-29 13:08:00,"ExxonMobil Surges Ahead in Low-Carbon Push, BP and Shell Retreat",Yahoo,https://finnhub.io/api/news?id=87ce8c687b543ba781dbadefffd5e0e0c319723f3ac8d172dda2e3ebda291f8f,0.0,0.833,0.167,0.6808,2025-04-29
2025-04-29 12:40:08,Jim Cramer on Exxon Mobil Corporation (XOM): “We wanna stay away from Exxon” – Out of Favor in a Low-Oil Environment,Yahoo,https://finnhub.io/api/news?id=47b4fca1813ccad272122ad6c2bba73c176d74808c02e5747199b326a7d1070a,0.04,0.927,0.033,-0.128,2025-04-29
2025-04-29 10:42:37,"XOM, CVX, COP: Don’t Miss the Bargain U.S. Energy Stocks Transcending Trump Tariff Mania",Yahoo,https://finnhub.io/api/news?id=55032b026023f8c38dedad3a3ec7135cd79d7786d4fcb50a8dcd16d0c4cb3f59,0.099,0.754,0.147,0.6597,2025-04-29
2025-04-28 21:45:17,Exxon Mobil (XOM) Stock Moves 0.06%: What You Should Know,Yahoo,https://finnhub.io/api/news?id=48d511c13304d04548ca8ea317645c519ddf9844fda84e7bd9c24dd3bb22e8ef,0.0,1.0,0.0,0.0,2025-04-29
2025-04-28 21:00:00,Suriname's Oil Industry Poised for Significant Growth,Yahoo,https://finnhub.io/api/news?id=7bc48bd1eadbd44d928cd45b364cdc5d4c1b10d3816cedcd668a4b8ae457a349,0.085,0.643,0.272,0.6486,2025-04-29
2025-04-28 14:47:51,"Oil Slumps as Traders Await Next Moves in China, Economic Data",Yahoo,https://finnhub.io/api/news?id=186f903e1bc3bb210a16403fdb0a68e97fed9b00acda82829d65e1bcab92797c,0.041,0.916,0.043,-0.2023,2025-04-28
2025-04-28 12:48:58,Trump’s Desire for Cheap Crude Puts Big Oil’s Plans to Test,Yahoo,https://finnhub.io/api/news?id=231f19f012f646c253728edf9e1bae748ad2c874e422ed2478467a251666902c,0.024,0.918,0.058,0.3506,2025-04-28
2025-04-28 10:05:31,Investors fear Big Oil could cut share buybacks as crude prices slump,Yahoo,https://finnhub.io/api/news?id=e5b7c54cbbece46bd26e159a8c2ec26e856aadcfb88b4ec5804cc459be4cad03,0.21,0.668,0.122,-0.8591,2025-04-28
2025-04-28 06:11:00,ClearBridge Dividend Strategy Fund Q1 2025 Commentary,SeekingAlpha,https://finnhub.io/api/news?id=0729c518d38392e9ba35d258aa8340ccd0421b3bfa51356cddb00db445c6c875,0.0,1.0,0.0,0.0,2025-04-28
2025-04-28 00:17:25,"Aster Chemicals to bid for Exxon Mobil's Singapore fuel stations, sources say",Finnhub,https://finnhub.io/api/news?id=3679915700bf234dfb9ae55bc48203bb821705e74469cd74157ba698804f86e5,0.0,0.931,0.069,0.296,2025-04-28
2025-04-27 20:06:42,Exxon Mobil Corporation (XOM): Among the Most Profitable Blue Chip Stocks to Buy Now,Yahoo,https://finnhub.io/api/news?id=7f42bbe2e1bd20044e240f6e02085e2b0ede15f5cf25360108df0db566d204d9,0.0,0.791,0.209,0.9449,2025-04-28
2025-04-27 10:05:00,"The Smartest Oil Stocks to Buy With $1,000 Right Now",Yahoo,https://finnhub.io/api/news?id=0f014a23593d6c695079868a3729d68a3252eea04692b23eecac2e22fdc98df2,0.0,0.886,0.114,0.701,2025-04-28
2025-04-27 10:00:00,What To Expect in the Markets This Week,Yahoo,https://finnhub.io/api/news?id=2ce868e1a0a6847bc8a260bc64265426d42dc4d7ceabcc661dc0561dc5892709,0.0,0.946,0.054,0.1779,2025-04-28
2025-04-27 06:49:38,Wall Street Week Ahead,SeekingAlpha,https://finnhub.io/api/news?id=5ed9a878470ba849fd8998a85990741ddbf269ee7a8457c327b4c01fb96f15f6,0.0,0.846,0.154,0.4926,2025-04-28
2025-05-12 22:28:05,Chevron: Unique Buying Opportunity,SeekingAlpha,https://finnhub.io/api/news?id=b5c3a45507aa37d437ec765dbaa59d40358bba61decb44421b4e2dc53e0aa3a0,0.0,0.728,0.272,0.8658,2025-05-13
2025-05-12 20:52:32,Was Jim Cramer Right About Exxon Mobil (XOM)?,Yahoo,https://finnhub.io/api/news?id=2add82dfb7879b621ef5d27e75331660e73bdb81c47223954303c3f844da0afc,0.094,0.906,0.0,-0.7579,2025-05-13
2025-05-12 13:05:20,Oil Leads Commodity Rally After US-China Truce as Gold Retreats,Yahoo,https://finnhub.io/api/news?id=cb6d3651da684b0b5c8e7796da80ef294ea8d1784ceea39321935020334db309,0.139,0.84,0.022,-0.8577,2025-05-12
2025-05-12 19:34:21,"Colorado top court allows Boulder to sue Exxon, Suncor over climate change",Finnhub,https://finnhub.io/api/news?id=01f356bc2804d492944e06f6e0914cf4dafd1f3726c25e23b95267dbcde0f37d,0.043,0.864,0.093,0.296,2025-05-13
2025-05-12 16:31:00,"Exxon Mobil Corp. stock rises Monday, still underperforms market",MarketWatch,https://finnhub.io/api/news?id=85bdfa23e678c111d74ebfb9fc13c786cde1a2505ede424b46deb689743bf0ff,0.0,1.0,0.0,0.0,2025-05-13
2025-05-12 15:40:12,OMVKY or XOM: Which Is the Better Value Stock Right Now?,Yahoo,https://finnhub.io/api/news?id=1aaed7ae934b8e05187edb4d0bbf4c0fac06e8b1086bc031d04fae3ac368f1ae,0.0,0.608,0.392,0.8738,2025-05-12
2025-05-12 13:45:00,"China Trade Progress: Market Booms On News, Who Will Benefit?",SeekingAlpha,https://finnhub.io/api/news?id=c84fe6b7dcb1c53b479fc0efc4a7a400563bb7aa900f04d2dc68609cd4ae9fd6,0.0,0.58,0.42,0.7003,2025-05-12
2025-05-12 10:51:11,We Think You Should Be Aware Of Some Concerning Factors In Exxon Mobil's (NYSE:XOM) Earnings,Yahoo,https://finnhub.io/api/news?id=e562f91a039c4c930074616b0b0e35ceb680ea3a87e1039ee0647fecbdec4190,0.0,0.965,0.035,0.0772,2025-05-12
2025-05-12 08:00:00,The Energy Sell-Off Has Me Interested,SeekingAlpha,https://finnhub.io/api/news?id=bc40c2b92a7c003bccff2cc26065c1f64d7f3bebbcf90303d0d32a8649379887,0.167,0.495,0.338,0.743,2025-05-12
2025-05-11 19:22:00,"Is a Big Oil Megamerger Brewing? Exxon, Chevron, and Others Are Eyeing This Oil Stock.",Yahoo,https://finnhub.io/api/news?id=08d63ab5b95d35acaa60b4f0ecd1e56676a95f5ded5245c19e4829a00bf8a3d0,0.0,0.925,0.075,0.6369,2025-05-12
2025-05-11 16:00:00,Trump’s Thirst for Cheap Oil Irks an Industry He Loves to Praise,Yahoo,https://finnhub.io/api/news?id=0e30f001e2e2ad2295182078ef29e1eb01e36cbf05f0962002c9d7360b760e2f,0.09,0.851,0.059,-0.6542,2025-05-12
2025-05-11 05:03:21,3 Ideal Buys From 63 May Fortune 500 Industry Leaders,SeekingAlpha,https://finnhub.io/api/news?id=f4a32a6c5c340b47b0a6caaa9d214a1b8fd2230eec8c69aa6c43d80424d19d4f,0.0,0.716,0.284,0.8979,2025-05-12
2025-05-10 13:37:56,Four Days Left To Buy Exxon Mobil Corporation (NYSE:XOM) Before The Ex-Dividend Date,Yahoo,https://finnhub.io/api/news?id=d8dda5a4299fb0d7b4e49d59c565b59a797238588da2e0021d9d396f46b1e8f2,0.0,0.93,0.07,0.3612,2025-05-12
2025-05-10 09:46:16,Exxon Mobil: Strong Growth Where It Counts Will Push Shares Higher,SeekingAlpha,https://finnhub.io/api/news?id=c8b40c165d440fdea624f69bb83382bfa3c5a5be2fe22d7d66a3b66a4e9d4225,0.036,0.649,0.315,0.8583,2025-05-12
2025-05-10 08:03:54,Exxon Mobil Corporation (XOM): Among the Best High-Yield Dividend Stocks for 2025 and Beyond,Yahoo,https://finnhub.io/api/news?id=a7dafb478eb27f55dfb114806c2b77e181be4750605c139467b5e108ffb29323,0.0,0.813,0.187,0.9468,2025-05-12
2025-05-10 07:54:40,Is Exxon Mobil Corporation (XOM) the Best Energy Stock to Buy Right Now?,Yahoo,https://finnhub.io/api/news?id=49b74caade182253fa08e690e257f98b8ba90d199e94379b84fafe13b173bb7d,0.045,0.713,0.242,0.9442,2025-05-12
2025-05-10 00:51:42,"Dividend Champion, Contender, And Challenger Highlights: Week Of May 11",SeekingAlpha,https://finnhub.io/api/news?id=46f8a9e80aba7a68cf6be54f22b4b6d9a16dc7bd155bd6acc0229c183c1ca887,0.0,0.672,0.328,0.8658,2025-05-12
2025-05-09 15:35:00,BP Stock Rises. Takeover Rumors Won’t Go Away.,Yahoo,https://finnhub.io/api/news?id=65a9a46b19e197d9b7fb123a0cf7b1d72435ea09f9d9746fcac4d7d1078e9b8d,0.068,0.932,0.0,-0.2247,2025-05-09
2025-05-09 15:25:13,One Ring To Rule Them All: The Price Of Oil,SeekingAlpha,https://finnhub.io/api/news?id=5390cf91b127fe7bb1aefe369f0638fb0828825c660b1b24a8e5caed567ebcb6,0.0,1.0,0.0,0.0,2025-05-09
2025-05-09 15:06:31,"BP takeover reports, Grindr dips on revenue, Trade Desk soars",Yahoo,https://finnhub.io/api/news?id=0d8ba542888c16307a019d393c374e33c5c2313e94751ca8d1432086f916bc25,0.028,0.922,0.051,0.2023,2025-05-09
2025-05-09 12:23:24,Exxon Mobil Corporation (XOM): One of the Undervalued Dividend Aristocrats to Buy Now,Yahoo,https://finnhub.io/api/news?id=3707c6d1e93858aa157810669aaa56a93ad425a2c9b1eba182d69af833906dfe,0.0,0.956,0.044,0.4767,2025-05-09
2025-05-09 11:33:26,Market Chatter: BP Competitors Considering Buyout Amid Market Value Drop,Yahoo,https://finnhub.io/api/news?id=244591481e709387fa6168aa402c272c1612bd2b022f92eb6667c3068f8a965b,0.162,0.619,0.219,0.296,2025-05-09
2025-05-09 11:32:00,ExxonMobil to Invest $1.5B in Nigeria's Offshore Oilfields,Yahoo,https://finnhub.io/api/news?id=9e260f2bcab50c17e097a160c80c0fe1f672602c9eebab800f61bf8566a13b77,0.0,0.864,0.136,0.5267,2025-05-09
2025-05-09 11:30:00,PGIM Jennison Blend Fund Q1 2025 Commentary,SeekingAlpha,https://finnhub.io/api/news?id=f4b5f0e6516949d2c6f094c1549d294374f3a2284bb92a0b96dbe1b00bbada6e,0.0,1.0,0.0,0.0,2025-05-09
2025-05-09 09:38:05,Oil Advances With Focus on US-China Trade Talks After UK Deal,Yahoo,https://finnhub.io/api/news?id=1911a5ef6b13f2b134b74cdf0dff50e2d625bf3aff9510ba4437c96998d855c1,0.137,0.763,0.1,-0.4588,2025-05-09
2025-05-09 06:24:00,"BP shares rise on report Exxon, Chevron and rivals eyeing oil major",MarketWatch,https://finnhub.io/api/news?id=b355ef3a4ddb8a2acdf564a3730c035fdfdf59700fc295ff1cc4deb2570dd499,0.0,0.825,0.175,0.5688,2025-05-09
2025-05-09 04:00:04,BP rivals run the numbers on takeover of struggling oil major,Yahoo,https://finnhub.io/api/news?id=b3f18a92d119eba3f60e5e616f6d87d5f405114236d438c02470061038bb2e20,0.111,0.732,0.157,0.2748,2025-05-09
2025-05-08 17:27:00,ExxonMobil Inks Low-Carbon Ammonia Supply Deal With Marubeni,Yahoo,https://finnhub.io/api/news?id=4281d15f9328366059b038aed6d43cf27359591694785895fa2fe1d0a9063205,0.0,0.854,0.146,0.6486,2025-05-09
2025-05-08 16:09:47,"Oil ETFs Heat Up As OPEC+ Pump-Up, US-UK Trade Deal, China Talks Fuel Rally",Benzinga,https://finnhub.io/api/news?id=298b2895894e8dcdb356f0da78f1a13d12bf87f7cf911e892603c8acc817aba4,0.0,1.0,0.0,0.0,2025-05-09
2025-05-08 15:35:04,Exxon Mobil : Supplemental disclosure to SEC (Supplemental disclosure to SEC with signature May 2025),Finnhub,https://finnhub.io/api/news?id=13f5a79523814dbe75f6b55cf2b14e0b48c12038d5b7eac7206468f5fb7b00a4,0.0,0.955,0.045,0.128,2025-05-08
2025-05-08 13:18:00,ExxonMobil After Q1 Earnings: Should You Still Own the Stock?,Yahoo,https://finnhub.io/api/news?id=965c4bc8b13100269e4125ca405112e26ae5701bbc4d88e3f26df1aadf978119,0.0,0.918,0.082,0.3612,2025-05-08
2025-05-08 12:57:38,"Exxon Mobil First Quarter 2025 Earnings: EPS Beats Expectations, Revenues Lag",Yahoo,https://finnhub.io/api/news?id=6ac29067f9abb756d2869558a062d4539712ed457ffaea043db1bbfb75b0c7e9,0.076,0.924,0.0,-0.34,2025-05-08
2025-05-08 12:44:46,Exxon Mobil Says Deal With Japan's Marubeni To Boost Global Energy Supply,Yahoo,https://finnhub.io/api/news?id=39ae2a62a3bf0cf220b3b493bf57e40c5e01a2bcf046012510ef1a6cf332d276,0.02,0.902,0.078,0.6249,2025-05-08
2025-05-08 12:17:00,"After Q1 Results, What Comes Next for Chevron Shareholders?",Yahoo,https://finnhub.io/api/news?id=83e831ca9060da58a6716471109d53b513fbcb30b3fd917ff685a084fe9a6d7a,0.056,0.944,0.0,-0.2263,2025-05-08
2025-05-08 11:50:31,ExxonMobil to invest $1.5bn in Nigeria’s deep-water oilfields,Yahoo,https://finnhub.io/api/news?id=81973421f46e26e207c5bcb47e1762435b64d4fe5887530376bfc5e3f9934574,0.0,1.0,0.0,0.0,2025-05-08
2025-05-08 11:16:26,Exxon Mobil: Stability During Market Turmoil,SeekingAlpha,https://finnhub.io/api/news?id=0ce9cad68166059e4ca608a1a5358f256e309247da0195f527c708ff9b065dd7,0.083,0.831,0.086,0.0258,2025-05-08
2025-05-08 10:30:28,Marubeni and ExxonMobil's Low-Carbon Ammonia Deal Marks Major Step in Unleashing New Energy Supply,Finnhub,https://finnhub.io/api/news?id=43aa438e56c193f29b1fc34763852678cfff7a706a84df0e317ce6566e1594e0,0.0,0.883,0.117,0.6486,2025-05-08
2025-05-08 08:14:12,New Helms-Burton Act Decisions,Finnhub,https://finnhub.io/api/news?id=8d23f8feb611af64efc0205e7ec394b9f6757b6dbba950ee5f45f055a95747b4,0.062,0.938,0.0,-0.2732,2025-05-08
2025-05-08 06:48:30,Wall Street Breakfast Podcast: Energy Firms Oppose U.S. Ship Mandate,SeekingAlpha,https://finnhub.io/api/news?id=5c53f78539fee14ee89577676bc59895803a211b72e4f20e2dea67860a861a6d,0.0,0.873,0.127,0.4939,2025-05-08
2025-05-08 06:40:00,Fidelity Freedom 2030 Fund Q1 2025 Commentary,SeekingAlpha,https://finnhub.io/api/news?id=f2db0099bf9cf9936588ce2c0f2de876ae25abb997eaa90f6a9c6c611a31972b,0.0,0.787,0.213,0.8555,2025-05-08
2025-05-08 04:00:00,Fidelity Freedom 2025 Fund Q1 2025 Commentary,SeekingAlpha,https://finnhub.io/api/news?id=33a4a27ed31753d4c176c7ec7d1689d2db41daafedb73cbcbbc984c55bda7f5d,0.0,0.775,0.225,0.8555,2025-05-08
2025-05-08 03:20:00,Fidelity Freedom Income Fund Q1 2025 Commentary,SeekingAlpha,https://finnhub.io/api/news?id=c800fbbb3ddb40056a8c4791ed80bbcda770e3757da150cbcc3ae7354725183e,0.0,0.775,0.225,0.8555,2025-05-08
2025-05-07 21:43:06,Exxon agrees to supply Japan's Marubeni with low-carbon ammonia,Yahoo,https://finnhub.io/api/news?id=97abed4e49785b345fa2d4eb151b03bd58a6d5135cd1cc4f1d138984b6a52343,0.018,0.827,0.155,0.9313,2025-05-08
2025-05-07 21:00:00,Marubeni and ExxonMobil’s Low-Carbon Ammonia Deal Marks Major Step in Unleashing New Energy Supply,Yahoo,https://finnhub.io/api/news?id=2cbdf46cba126fa446fa070891adb655fa1896142ba2e8fd7efd26899cb4ed5e,0.0,0.941,0.059,0.6486,2025-05-08
2025-05-07 18:25:00,ExxonMobil Signs Deal to Supply Low-Carbon Ammonia to Marubeni Corp.,MarketWatch,https://finnhub.io/api/news?id=af7141b3285e65a3c4c73d208fa59c8016f2c86de2ecf0c3bcf69fa9f38550d9,0.0,1.0,0.0,0.0,2025-05-08
2025-05-07 17:41:26,"Why ExxonMobil Stock Fell 11.2% in April, But Remains a Buy",Yahoo,https://finnhub.io/api/news?id=89e9946873fb156eb7aec38a66cbaf2a66df4e901ab221073246f2714d7ba14d,0.089,0.822,0.089,-0.0,2025-05-08
2025-05-07 13:17:00,Shell Q1 Earnings Impress But Revenues and LNG Sales Decline,Yahoo,https://finnhub.io/api/news?id=fa1d6f30d8abe7aed57594434e71f07f14c68313fd5d61dbc73331bb5ee08356,0.0,0.944,0.056,0.2382,2025-05-07
2025-05-07 13:12:00,Is Petrobras Stock a Safe Bet Before Its Q1 Earnings Release?,Yahoo,https://finnhub.io/api/news?id=0dc4f8dd83a217bcdcc5e1cb98a3aece0f8cfccdb4fb549d406bd251773f7769,0.0,0.878,0.122,0.6486,2025-05-07
2025-05-07 12:53:00,Fidelity Freedom 2045 Fund Q1 2025 Review,SeekingAlpha,https://finnhub.io/api/news?id=576b2781985e455b2f56e6b6b50ff66775701d184a294433b87773efd9d11bb2,0.0,0.588,0.412,0.6369,2025-05-07
2025-05-07 11:50:00,Fidelity Freedom 2065 Fund Q1 2025 Commentary,SeekingAlpha,https://finnhub.io/api/news?id=80a9153c55e99b410b84cd4ee4a20f82bfdd5f9cabbde44f316f684d87e404a9,0.0,0.755,0.245,0.8316,2025-05-07
2025-05-07 11:35:00,Fidelity Freedom 2060 Fund Q1 2025 Commentary,SeekingAlpha,https://finnhub.io/api/news?id=968bebb5533ba3f6e61d4318b3c45e59507168e687bd52e1a04d79b9bcc06438,0.0,0.747,0.253,0.8316,2025-05-07
2025-05-07 11:30:00,7%+ Yields With Stress-Free Dividend Growth For An Early Retirement,SeekingAlpha,https://finnhub.io/api/news?id=5a4b58dbc3995aeb8504c52ba24fc42b51e31007ebd414eb1639e80ea7be3d6c,0.0,0.678,0.322,0.8957,2025-05-07
2025-05-07 11:15:00,Fidelity Freedom 2055 Fund Q1 2025 Commentary,SeekingAlpha,https://finnhub.io/api/news?id=9e9fe03d4c01e13d8247825d89f42a9e1e7e6a8a2960ee9d674e5823d2ad059b,0.0,0.755,0.245,0.8316,2025-05-07
2025-05-07 11:15:00,Fidelity Freedom 2035 Fund Q1 2025 Review,SeekingAlpha,https://finnhub.io/api/news?id=97a0141232363cf19a7b363c2ee152a834823baef87a792818b3bf8ed95747e4,0.0,0.873,0.127,0.6369,2025-05-07
2025-05-07 11:04:00,Fidelity Select Energy Portfolio Q1 2025 Review,SeekingAlpha,https://finnhub.io/api/news?id=7fbaf57d1df9c518e8fb311b787b613ef7788b469498b2c44274654d8d4dd7d7,0.0,0.752,0.248,0.7845,2025-05-07
2025-05-07 11:00:00,Fidelity Freedom 2050 Fund Q1 2025 Commentary,SeekingAlpha,https://finnhub.io/api/news?id=18dea3a6c06ac7ec7fa2dfe0b2383d75d4f30508a726be6b7bc5285bb0b747b7,0.0,0.588,0.412,0.6369,2025-05-07
2025-05-07 10:45:00,Fidelity Freedom 2040 Fund Q1 2025 Commentary,SeekingAlpha,https://finnhub.io/api/news?id=1047c94b9d6d9cafd1b76f397713ddba718432b5be261bfc5e3fbe3c434baa2f,0.0,0.755,0.245,0.8316,2025-05-07
2025-05-07 10:14:00,Fidelity Freedom 2015 Fund Q1 2025 Review,SeekingAlpha,https://finnhub.io/api/news?id=baa946c206db0753422ab3118b069055ac5b2217d759f77cc8a92e5cc85fd830,0.0,0.887,0.113,0.6369,2025-05-07
2025-05-07 09:30:00,Fidelity Freedom 2010 Fund Q1 2025 Commentary,SeekingAlpha,https://finnhub.io/api/news?id=fff75c1ef1f3afb33ab30998fcad26ccf59a8913f81b7387841ad6837980d4fd,0.0,0.755,0.245,0.8316,2025-05-07
2025-05-07 08:45:00,Fidelity Freedom 2020 Fund Q1 2025 Commentary,SeekingAlpha,https://finnhub.io/api/news?id=4c1ced30ebe249653e84301faaa6e3eec7c5d8a58e07dace4f53a7b67c0d5e87,0.0,0.775,0.225,0.8555,2025-05-07
2025-05-07 06:06:32,NUPRC Pledges Support As Exxonmobil Commits to $1.5bn Deepwater Investment,Finnhub,https://finnhub.io/api/news?id=c6ff4ea08908c24430d9ea420f400777e893e3fead4b09ad3b77482e2913c3b8,0.0,0.808,0.192,0.743,2025-05-07
2025-05-07 04:41:21,Exxon plans $1.5 billion investment in Nigerian oilfield,Finnhub,https://finnhub.io/api/news?id=530422f4819fb2447b36d475a70f0cb013a411243ec2242aa0dbb7556aa39a59,0.0,0.938,0.062,0.2732,2025-05-07
2025-05-07 01:56:39,PEO: A Closed-End Oil And Gas Fund Now Yielding 10.5%,SeekingAlpha,https://finnhub.io/api/news?id=171bfcd3d53759a91f0449dac0f3518fd6b778ba4fa2235bfaa2ffb92c04c834,0.085,0.819,0.097,-0.1406,2025-05-07
2025-05-06 14:09:30,"Exxon group's Guyana oil output rose to 668,000 bpd last week",Finnhub,https://finnhub.io/api/news?id=7e08c16b784107f259d9a8938c25fc75f8710cfba501631028ea871fe7360d29,0.0,1.0,0.0,0.0,2025-05-06
2025-05-06 13:59:20,ExxonMobil: Permian And Guyana Support Diversification,SeekingAlpha,https://finnhub.io/api/news?id=0e4282ecab88ef43f41de1a61cd9393baff2b73489376b5189ac200469b520d9,0.0,0.823,0.177,0.6808,2025-05-06
2025-05-06 13:07:28,Enbridge: I Remain Bullish Despite Volatile Earnings Surprise Record,SeekingAlpha,https://finnhub.io/api/news?id=4afeb6492028ed816fbd04df60d51f68f2f2682aae4bf28499066eb3907dfaed,0.044,0.731,0.224,0.8119,2025-05-06
2025-05-06 13:02:00,ConocoPhillips' Q1 Earnings on Deck: Remain Invested in the Stock?,Yahoo,https://finnhub.io/api/news?id=9b7823d377465ebdc52218ef7046529e8325f323b6b8e4f381fd74210d750aa0,0.107,0.749,0.144,0.0772,2025-05-06
2025-05-06 13:00:15,Exxon Mobil Corporation (XOM) is Attracting Investor Attention: Here is What You Should Know,Yahoo,https://finnhub.io/api/news?id=8c12586a385726bcf426a8b4ac6f348bbcb3c4ef8d0b6e48d89a0e3d7ba294f3,0.0,0.829,0.171,0.7351,2025-05-06
2025-05-06 11:57:03,Shell And BP: Merger Could Create Mega-Size Oil Company,SeekingAlpha,https://finnhub.io/api/news?id=306553351ba704eac6738597498d00b7cb0fd6eee6954c9a44a25b18413ac9d6,0.0,0.806,0.194,0.7717,2025-05-06
2025-05-06 11:28:00,Putnam Large Cap Value Fund Q1 2025 Commentary,SeekingAlpha,https://finnhub.io/api/news?id=34e77d43dbd7aacedabe43f6352510b48fe8175853b5e3f0a3aa984ff76a4267,0.042,0.714,0.244,0.7783,2025-05-06
2025-05-06 10:32:34,Analyst Estimates: Here's What Brokers Think Of Exxon Mobil Corporation (NYSE:XOM) After Its First-Quarter Report,Yahoo,https://finnhub.io/api/news?id=61cdd5bc4ea70e19c0240c1fc2646bd9a607d9ac20b2d3fe0e64b9092b50ad0f,0.079,0.817,0.104,-0.0276,2025-05-06
2025-05-06 10:20:00,Fidelity Value Discovery Fund Q1 2025 Commentary,SeekingAlpha,https://finnhub.io/api/news?id=53375086f9e69202cd0804bd81b8e63e7fed94f88af93af7eccc90ff8c1bb07a,0.0,0.76,0.24,0.8316,2025-05-06
2025-05-06 10:00:28,Chevron & Exxon are down this year: What to do with each stock,Yahoo,https://finnhub.io/api/news?id=d50079e95dec6933a8c1477ac5d51b645d4699e24b70cf7e7be58b1d3c7d10bd,0.037,0.892,0.071,0.4005,2025-05-06
2025-05-06 07:45:00,Fidelity Large Cap Stock Fund Q1 2025 Commentary,SeekingAlpha,https://finnhub.io/api/news?id=c1ee3994bb67cf94c9661e79b5bb51913258a0a7771892134c695c92d2161135,0.0,1.0,0.0,0.0,2025-05-06
2025-05-06 05:55:00,Fidelity Equity-Income Fund Q1 2025 Review,SeekingAlpha,https://finnhub.io/api/news?id=660a1b39f13a0fb9f0ac8254422c5c83e90d36540e1fad6071f3c0a53515fd13,0.0,0.919,0.081,0.296,2025-05-06
2025-05-06 05:37:48,"RSPG: Not My Preferred Energy Sector Play, Underperforming",SeekingAlpha,https://finnhub.io/api/news?id=e25cc1778f298e3e6f35f1f19b7e47bb577d0e68cda6ef0e5b5e273925986751,0.046,0.787,0.167,0.584,2025-05-06
2025-05-06 00:17:12,ConocoPhillips: Just Too Many Headwinds,SeekingAlpha,https://finnhub.io/api/news?id=d3d7f6f6cc227a2c90ecd1874c2c336112d74029a497424b0cd0b97d26607952,0.0,0.943,0.057,0.1779,2025-05-06
2025-05-06 00:00:00,Big Oil Isn’t Backing Down at $60 Oil,Yahoo,https://finnhub.io/api/news?id=7a950be7f6505654fd13cdacd988814d0e707d1e651d0561ceb8c9035a02aad6,0.051,0.737,0.212,0.6124,2025-05-06
2025-05-05 22:00:00,Big Oil Holds Steady on Dividends Despite Oil Price Slump,Yahoo,https://finnhub.io/api/news?id=f1defde54a16100baa098fa1d52307284ba336e6c134fdfc52c4c0f3d0431a7e,0.056,0.873,0.071,0.1119,2025-05-06
2025-05-05 21:00:02,"Compared to Estimates, Exxon (XOM) Q1 Earnings: A Look at Key Metrics",Yahoo,https://finnhub.io/api/news?id=16eab295642b415371fe588e46c24859f09056e70fe325e471786cdb310414cb,0.0,0.964,0.036,0.2263,2025-05-06
2025-05-05 16:55:00,"Energy ETFs in Focus as Exxon, Chevron Beat Earnings Estimates",Yahoo,https://finnhub.io/api/news?id=f75cfe9b8dcbc7e972c781b71c46f9dede518452375ea6e19937749d0517a11c,0.112,0.832,0.056,-0.3716,2025-05-06
2025-05-05 15:43:00,"Oil Prices Drop to 4-Year Low. Big Mergers Like a Shell, BP Combo Could Appeal.",Yahoo,https://finnhub.io/api/news?id=1574ebde79781c412fd02047dbc542ef4f74acb2e02b2f280f0b636015656365,0.313,0.554,0.133,-0.8442,2025-05-05
2025-05-05 15:38:23,BP: Upgrading It To A Strong Shell,SeekingAlpha,https://finnhub.io/api/news?id=68bcc46f61c797b685bb499d6ee14176271974103ded4d0457d3287c08ea6113,0.0,0.901,0.099,0.5106,2025-05-05
2025-05-05 15:17:40,OPEC Shifts To Oil Price-War Stance Ahead Of Trump Saudi Visit,Yahoo,https://finnhub.io/api/news?id=14b4d96c5076c52b4395483135b89eecfc41023f5ecf90d90d5dfa65cc8efe01,0.0,0.929,0.071,0.2263,2025-05-05
2025-05-05 15:08:36,Is Exxon Mobil Corporation (XOM) the Most Undervalued Energy Stock to Buy According to Hedge Funds?,Yahoo,https://finnhub.io/api/news?id=0f9a7e55bea72b7420a49deb6420c6574115d461536bc887d846aa29ada527b2,0.0,0.884,0.116,0.788,2025-05-05
2025-05-05 15:04:48,"Why Frontline Stock Popped, but Exxon and ConocoPhillips Dropped",Yahoo,https://finnhub.io/api/news?id=e118c10ecb1116b63a4e1f09a8b817e3a8b33ca0915c848024448ebbf728c2f0,0.0,0.788,0.212,0.7684,2025-05-05
2025-05-05 14:58:00,$50 Oil Looks Likely. It Isn’t Priced in the Stocks Yet.,MarketWatch,https://finnhub.io/api/news?id=c07c38faea503cae8b1534e6e08f8946adfd050726666d44f43a9871102f212d,0.0,1.0,0.0,0.0,2025-05-05
2025-05-05 13:11:00,3 Integrated Energy Stocks to Gain Despite Ongoing Trade Tensions,Yahoo,https://finnhub.io/api/news?id=b6073f8cf5239e8d2d285ffc1a360787f34c0fed434498bc43ed28083912361a,0.079,0.65,0.271,0.8155,2025-05-05
2025-05-05 12:06:00,"Oil Prices Drop to Four-Year Low. Big Mergers Like a Shell, BP Combo Could Appeal.",Yahoo,https://finnhub.io/api/news?id=63ee50ca689812a7f9b695332d2c1c69af3b4733a8c21e4982b4440f6020c1de,0.313,0.554,0.133,-0.8442,2025-05-05
2025-05-05 11:33:12,Goldman Sachs Issues Bearish $40 Oil Forecast As OPEC+ Pumps More: Energy Stocks Sink,Benzinga,https://finnhub.io/api/news?id=7ab1c8079d39cb224b71c568f306b7b06fb899be5409526e17cd789570af75b0,0.047,0.852,0.101,0.3384,2025-05-05
2025-05-05 11:05:52,Shares of energy stocks are trading lower amid a drop in the price of oil. Oil fell on reports suggesting OPEC+ agreed to production increases in June.,Benzinga,https://finnhub.io/api/news?id=ae46abe7f4c9ed38a5a5ac48de7d395c95aaab3bf759faa921accedfdce952e2,0.131,0.673,0.196,0.2732,2025-05-05
2025-05-05 10:00:00,Fidelity OTC Portfolio Q1 2025  Commentary,SeekingAlpha,https://finnhub.io/api/news?id=783ff8fb081b93b8f447611269083a10f0c8274ee63162cde23d70cd7ea27fd1,0.0,1.0,0.0,0.0,2025-05-05
2025-05-05 07:42:00,Franklin Income SMA Q1 2025 Commentary,SeekingAlpha,https://finnhub.io/api/news?id=494595a6545929fda41330a5722e693fec8ec7b100ae221c18c8a8b18ffee102,0.0,0.927,0.073,0.2023,2025-05-05
2025-05-05 07:30:58,Exxon Mobil: Totally Undervalued,SeekingAlpha,https://finnhub.io/api/news?id=aa562b7ad027a8b5a3683260cc0ed5293e8adabea54708fbb2fb7bccba1c6c7d,0.0,0.731,0.269,0.7096,2025-05-05
2025-05-05 07:29:58,US stock futures fall after Trump's new tariffs; Fed meet in focus,Finnhub,https://finnhub.io/api/news?id=9886c633483314f796e495c270da6a6b77e99ce2204cdb06d7d2fc3bcdf697f2,0.116,0.884,0.0,-0.6124,2025-05-05
2025-05-20 23:31:33,"Exxon Mobil says working to resolve operational issue at refinery in Joliet, Illinois",Finnhub,https://finnhub.io/api/news?id=0c2dd4a1c3ac9a412e823d8bef801860b45a1db87dbe72bf8bf121531e0b5811,0.0,0.871,0.129,0.6369,2025-05-21
2025-05-20 23:00:00,Big Oil Shrugs at $60 Crude—for Now,Yahoo,https://finnhub.io/api/news?id=f7005380f238276b0aa3047ead1cbef3e902e59daa6482b46024fdbf73fb298c,0.0,0.794,0.206,0.7906,2025-05-21
2025-05-20 17:38:56,DIV: This 'Super Dividend' ETF's Bright And Shiny Yield Comes With A Catch,SeekingAlpha,https://finnhub.io/api/news?id=8d12a8ac0dacecb525842bb50fe8cf2cb0acfca5f5b88f171b731626fbfb08f6,0.0,0.618,0.382,0.7783,2025-05-21
2025-05-20 16:31:00,Exxon Mobil Corp. stock underperforms Tuesday when compared to competitors,MarketWatch,https://finnhub.io/api/news?id=229425a4fc7396c304adc6005f3be759aadbd06ccc9fbf8112f31bf194e0fdcd,0.0,1.0,0.0,0.0,2025-05-21
2025-05-20 15:55:17,"69 May Aristocrats: Buy 1 Of 38 ""Safer"" Dividend Dogs",SeekingAlpha,https://finnhub.io/api/news?id=b4bbdc6d7a7e090cba7d4f75ff7946fc39ab4b590515bfcaffe3c2ce20452b33,0.0,0.868,0.132,0.6486,2025-05-20
2025-05-20 12:04:33,Meet the 10 CFOs on Fortune’s 2025 Most Powerful Women in business list,Yahoo,https://finnhub.io/api/news?id=df1a023d5e011f3c73aefe975379a661eafcde4cda3071ce75ca82dfa2a1b761,0.0,0.763,0.237,0.8122,2025-05-20
2025-05-20 08:37:00,Want Super Safe Passive Income? Buy This High-Yield Stock With Over 40 Straight Years of Dividend Raises,Yahoo,https://finnhub.io/api/news?id=d8bf722b9c565065dc4446131c5fa0d2c780e164c95f1989de12da94390a20e9,0.0,0.641,0.359,0.9731,2025-05-20
2025-05-20 04:39:26,Exxon Reports Equipment Failure At Joliet Refinery,Finnhub,https://finnhub.io/api/news?id=e3b44953e310f1e83954ec6c2ac2921016082114e403d93b5844d79a0bfdc5da,0.291,0.709,0.0,-0.8926,2025-05-20
2025-05-20 01:21:09,Vietnam says second round of trade talks started in Washington,Finnhub,https://finnhub.io/api/news?id=df7a9c94e1913f496df582535606b6115a364d6732bc4ec72d5f41162a2958d7,0.067,0.871,0.062,-0.0516,2025-05-20
2025-05-20 00:36:00,Occidental Petroleum Continues Working Toward Capturing This Potential $5 Trillion Future Market Opportunity,Yahoo,https://finnhub.io/api/news?id=b490626e05c00c9000096293d192fb8095f51932570f356c93edb3525dbcfe39,0.0,0.951,0.049,0.4215,2025-05-20
2025-05-20 00:00:00,7 Energy Winners in a Market Going Nowhere,Yahoo,https://finnhub.io/api/news?id=f5e97cff7c715f3c10432058cc6e3baea1230fd13d2bf808be9e261570ce2483,0.0,0.678,0.322,0.9062,2025-05-20
2025-05-19 11:26:21,Guyana’s new oil pollution bill holds companies liable for spills,Yahoo,https://finnhub.io/api/news?id=aabb81c45174c64107b413610a386ae56c2b3a2b6f2630a10bc8e12f243b5c57,0.0,1.0,0.0,0.0,2025-05-19
2025-05-19 04:00:25,Are Big Oil companies prepared for a prolonged market downturn?,Yahoo,https://finnhub.io/api/news?id=bc73533d3095511f8c71839934e17afd828d5b022fff432a0ed5b89753d8fffc,0.086,0.814,0.1,-0.1027,2025-05-19
2025-05-18 23:16:07,Exxon Mobil Corporation (XOM) Partners with the UAE to Expand the Country’s Oil Production Capacity,Yahoo,https://finnhub.io/api/news?id=962e77876f146ff0a18a6d17e468191b572933754fb647f5d44eb20a442f5ab9,0.0,0.938,0.062,0.5574,2025-05-19
2025-05-18 21:36:08,Tracking Ken Fisher's Fisher Asset Management Portfolio - Q1 2025 Update,SeekingAlpha,https://finnhub.io/api/news?id=3d4ca0c5601d6c33d5b8a73480c0af970db18cd3837050d03c55d97c742ceec1,0.0,0.721,0.279,0.8481,2025-05-19
2025-05-18 09:40:00,3 Top Oil Stocks That Can Still Thrive Even Though Oil Prices Have Dropped Into the $60s,Yahoo,https://finnhub.io/api/news?id=f26327f3b57e23db2766722c7c89f81a18b1c9eafc528b5cd14266d67fbc6c13,0.107,0.862,0.031,-0.5267,2025-05-19
2025-05-16 18:47:00,"13 Energy Stocks to Buy Even as Oil Prices Fall, According to Roundtable Pros",Yahoo,https://finnhub.io/api/news?id=e782067dcd79efa13397483dd4548b80c73c4cf44f5e78a8b541542b27794ad1,0.043,0.827,0.131,0.5106,2025-05-19
2025-05-16 16:07:22,"US-China Trade Truce, Trump's Middle East Deals Spark Wall Street Rally: This Week In Markets",Benzinga,https://finnhub.io/api/news?id=8f2b361a109b84049ea6b98e377ec44212040f43844863b5542aa8771ac10a83,0.049,0.789,0.162,0.5994,2025-05-19
2025-05-16 12:36:08,"Trump tariff 'foolishness' fully ending would be a relief for CEOs, former Medtronic CEO Bill George says",Yahoo,https://finnhub.io/api/news?id=f1c5c93ba52778827ea9c38066614389c8ef2362a5417178fdeb2bcb040fbba2,0.066,0.802,0.132,0.4215,2025-05-16
2025-05-16 11:15:00,Petrobras Plans Return to Nigeria Amid Upstream Realignment,Yahoo,https://finnhub.io/api/news?id=e0d0ecf831347faf3c2dc8e5fe5a4110c101c44143a992b7306bb8bacfb5667a,0.0,0.734,0.266,0.8126,2025-05-16
2025-05-16 10:29:32,"Boeing, GE Aerospace, ExxonMobil Reportedly Benificiaries of UAE Deals",Yahoo,https://finnhub.io/api/news?id=9ebde59b7084aa8ab673af99556bbc5e3be4720a1a4ba589e0f93858cfe035a0,0.0,0.896,0.104,0.4215,2025-05-16
2025-05-16 09:13:11,UAE to up value of US energy investments to $440 billion by 2035,Finnhub,https://finnhub.io/api/news?id=6d339e7d0ae4eca7c5b6c048122546e773f18387a6cc08b0b372c1f2fbe7991b,0.0,0.679,0.321,0.9325,2025-05-16
2025-05-16 07:00:22,"Caspian Pipeline Consortium increased Q1 oil transit to 17.85 mln t, IFX reports",Finnhub,https://finnhub.io/api/news?id=9d30fe68a1aa073cb2a78e15136d57917c8002021e5d6ee1ea2d564fef3f6ded,0.0,0.855,0.145,0.6486,2025-05-16
2025-05-16 05:35:22,Top Merger Stocks Held By Fund Managers - Mid-Q2 2025,SeekingAlpha,https://finnhub.io/api/news?id=9bb4dc54ec9101c5cbf51d06e061be2ac2ee232f0f514c69d80868d965aac2f4,0.0,0.798,0.202,0.6808,2025-05-16
2025-05-15 23:50:44,"Occidental: Cash Inflection Coming, But Is It Enough",SeekingAlpha,https://finnhub.io/api/news?id=9187d55977a6feffe0fbd9269bdc1fcc32290bf0dec6715ec520c13d64581733,0.0,1.0,0.0,0.0,2025-05-16
2025-05-15 21:00:00,Saudi Aramco Slashes Dividend,Yahoo,https://finnhub.io/api/news?id=d5eb4982e5817ab37107f928adb6ee2c2f027fa1d683a7965e0ea82f56afccba,0.063,0.845,0.092,0.2023,2025-05-16
2025-05-15 12:00:00,ExxonMobil to Speak at Bernstein 41st Annual Strategic Decisions Conference,Yahoo,https://finnhub.io/api/news?id=80146f38a876f2e2a9cd9b61112df6c9347dec3fc3b34e6c1b1a71e2363a0a32,0.0,1.0,0.0,0.0,2025-05-15
2025-05-15 11:57:00,BlackRock Energy Opportunities Fund Q1 2025 Commentary,SeekingAlpha,https://finnhub.io/api/news?id=b04688c2c9173f65eb9920e6fc3e27f073bb1c4e6f4a7bde0ddcf9b3c4ab35d2,0.0,0.733,0.267,0.7964,2025-05-15
2025-05-15 11:42:00,"Petrobras Stock Looks Cheap, But Is That Enough to Hold On?",Yahoo,https://finnhub.io/api/news?id=11f5846df8987beb8db95000709812b976af30bed5c31b16d3c44034ec97006d,0.172,0.764,0.064,-0.6214,2025-05-15
2025-05-15 09:05:00,Better Energy Stock: Chevron vs. ExxonMobil,Yahoo,https://finnhub.io/api/news?id=1fbd370db9350a50a80f2f86905c69f25a5d95d222deab7e85bbe9256fc934a9,0.04,0.663,0.297,0.9114,2025-05-15
2025-05-15 09:00:00,"Dividend Harvesting Portfolio Week 219: $21,900 Allocated, $2,206.52 In Projected Dividends",SeekingAlpha,https://finnhub.io/api/news?id=674f07c8bb3980794b7356d798cd932b7d28558a1eb290d554136fc396c04e29,0.054,0.733,0.213,0.7579,2025-05-15
2025-05-15 08:16:16,"Black Sea CPC Blend oil exports declined to 1.6 million bpd in April, sources say",Finnhub,https://finnhub.io/api/news?id=1cc268881850cae86f4211e5b36e07c27e0ea141d072bc1c829425e4f529d33f,0.0,1.0,0.0,0.0,2025-05-15
2025-05-15 06:32:53,Shares of energy majors fall as oil price drops on hopes for U.S.- Iran nuclear deal,MarketWatch,https://finnhub.io/api/news?id=4506a93a3e2ef2ad314d3e151203ec264036cc5270a2f7907ed7c3a46f63fc4b,0.0,0.647,0.353,0.9042,2025-05-15
2025-05-14 13:15:27,Exxon Mobil: Tariff Truce Made This Dividend King Less Timely,SeekingAlpha,https://finnhub.io/api/news?id=67b10db6632100588bd634eeb05334d347634dd2a6577440277ca486df76b49e,0.031,0.852,0.118,0.5389,2025-05-14
2025-05-14 02:12:08,"VYM: Lagging Dividend Peers, Market Indexes, Sell This ETF",SeekingAlpha,https://finnhub.io/api/news?id=834562a3a66c4203abb8e0a86361a2d6fdebf660174844dc7c51762d883d8424,0.208,0.792,0.0,-0.2732,2025-05-14
2025-05-13 23:00:00,Big Oil Goes Bionic,Yahoo,https://finnhub.io/api/news?id=6467c3b598c1074459961c37ab2d52f3fd41dd93bdae6640fbebfb47f77f48d8,0.0,0.697,0.303,0.7506,2025-05-14
2025-05-13 15:36:15,NLPC Urges Exxon Mobil Shareholders To Vote Against Election Of CEO Darren Woods For Board On Exxon Mobil's 2025 Proxy Ballot,Finnhub,https://finnhub.io/api/news?id=e7fd6d08f82ae6fe9ea5c02f7a74afda31727aba3b23c3d39c409222d6b5fd23,0.0,1.0,0.0,0.0,2025-05-13
2025-05-13 07:24:00,"ExxonMobil: At $60 Brent, It Needs To Execute",SeekingAlpha,https://finnhub.io/api/news?id=f53be8264dd55df56da9618fd43ca86e2d70680fec63d907c4e60a4ac9662279,0.0,0.856,0.144,0.4939,2025-05-13
2025-05-28 16:56:06,Exxon Mobil : 2025 Annual Shareholder Meeting,Finnhub,https://finnhub.io/api/news?id=4a6db99d6191e7309f4d916aa71e0351b2080ad5c96f266e4e599c2f4bb87d24,0.0,1.0,0.0,0.0,2025-05-29
2025-05-28 15:40:11,OMVKY vs. XOM: Which Stock Should Value Investors Buy Now?,Yahoo,https://finnhub.io/api/news?id=9be751c75f6256d10bf5f3d276f5b5c613253efb3df740f354dd63a9845d633c,0.0,0.678,0.322,0.7941,2025-05-28
2025-05-28 15:04:30,Exxon Stock Vs. Chevron: The 11 Billion Barrel Oil War That Could Shake Up Energy ETFs,Benzinga,https://finnhub.io/api/news?id=c98fb1792bbbc3fefa4a6a21876ecdd137384b8aadd3b470e9c695bbb73989a7,0.167,0.711,0.122,-0.4939,2025-05-28
2025-05-28 13:30:09,Is Exxon (XOM) a Buy as Wall Street Analysts Look Optimistic?,Yahoo,https://finnhub.io/api/news?id=ed2bdb137112fb67a7c6ac8649a73787827a7280dda4555497f4d797abf81ddb,0.047,0.825,0.129,0.5204,2025-05-28
2025-05-28 13:18:01,ExxonMobil To Sell Key French Assets To North Atlantic France,Benzinga,https://finnhub.io/api/news?id=e4aff2bfabdee6f348ae68b483e3c870f0d606929541fa5694e9dd7bc94620ab,0.0,0.872,0.128,0.5719,2025-05-28
2025-05-28 13:07:08,"Chevron investors reject stockholder proposals, Exxon faces none",Finnhub,https://finnhub.io/api/news?id=5235c35710c12d16e5d331f1e601ea1dc4489845842a9a67478f35d85594a00c,0.078,0.922,0.0,-0.4019,2025-05-28
2025-05-28 12:51:26,"Exxon Mobil ramps up unit at 250,000 bpd refinery in Joliet, Illinois to full capacity",Finnhub,https://finnhub.io/api/news?id=4dc44bcdb2e7ad0b4d439317d39fcac3b5d3ab6e296ce5a174328dbba97ac44c,0.0,0.948,0.052,0.2732,2025-05-28
2025-05-28 11:06:00,Why AI Firm C3.ai Feels Like an Underdog Ahead of Earnings,MarketWatch,https://finnhub.io/api/news?id=b0f37a25ec78347c49433d76458f6cd2ef394b16a751fdb296438db8a8baef99,0.0,0.8,0.2,0.6124,2025-05-28
2025-05-28 07:16:00,Exxon Mobil to sell French subsidiary Esso to Canadian energy group,Yahoo,https://finnhub.io/api/news?id=76880dbcd13fb754e570add507beb6b8991fa259340f277cae7b2866629e1cb4,0.0,0.888,0.112,0.8481,2025-05-28
2025-05-28 07:15:12,Esso Shares Slip as ExxonMobil Agrees to Majority Stake Exit,Finnhub,https://finnhub.io/api/news?id=93185ed41fec0b8274721437e1153c84391dfdcedd96c4ca48996ddeb8bc129c,0.0,0.86,0.14,0.6369,2025-05-28
2025-05-28 03:15:20,Exxon Mobil to sell its stake in France's Esso,Finnhub,https://finnhub.io/api/news?id=feeb254b3e6e1f26044c7d2233622c40f299da73d39aec19b97ade54bf5ce5a0,0.0,0.911,0.089,0.3818,2025-05-28
2025-05-28 03:01:47,ExxonMobil In Negotiations With North Atlantic To Sell Its Stake in Esso,Finnhub,https://finnhub.io/api/news?id=c991088e825823cf6bc6e4d482482830e4cb2deda2dc018a592ca778127bdb3f,0.0,0.94,0.06,0.3034,2025-05-28
2025-05-28 02:37:23,Caspian pipeline says it has raised oil exports by 1.4 million tons so far this year,Finnhub,https://finnhub.io/api/news?id=da3922ff74890fb1feef7edd4c48da7ec8a83116cc324c36707a2045730ba309,0.0,1.0,0.0,0.0,2025-05-28
2025-05-27 22:15:08,Best Dividend Aristocrats For June 2025,SeekingAlpha,https://finnhub.io/api/news?id=6ee1dcf91ffbd2bdde319f8234879fe63c615bdeedf7461a4dbb0c871beb6455,0.0,0.799,0.201,0.6757,2025-05-28
2025-05-27 22:00:00,U.S. Oil Giants Fight Over Guyana’s 11-Billion Barrel Treasure Trove,Yahoo,https://finnhub.io/api/news?id=1cdc72e5b3c4b7c61acc24a69698e7764867b6dce65311d2d7cf9bc922b3666f,0.119,0.831,0.049,-0.4767,2025-05-28
2025-05-27 15:56:47,US Fund Managers Put on Notice by $65 Billion Dutch Investor,Yahoo,https://finnhub.io/api/news?id=d79d3e7456fd3182a43ec5308f4a1e042171a7cc9740c1ee8b53c421623c4fd3,0.077,0.848,0.076,-0.0258,2025-05-27
2025-05-27 07:05:00,Historic Buying Opportunity: 5-7% Yields With Big Buybacks And Deep Discounts To NAV,SeekingAlpha,https://finnhub.io/api/news?id=952be7c8525e1dc11fcebf09708f691f31a2896bc85db76d6734981c1bf7e8f8,0.0,0.833,0.167,0.7351,2025-05-27
2025-05-27 04:13:07,ExxonMobil Angola Managing Director (MD) to Speak at African Energy Week (AEW) 2025 as Company Deepens Strategic Commitment to Angolan Energy Sector,Finnhub,https://finnhub.io/api/news?id=9b81f9142de87b6e11ff6e7d1066c7889d63c2aefe7978e94c1aebb0058aceab,0.0,0.806,0.194,0.8225,2025-05-27
2025-05-26 16:00:00,"How To Build A $100,000 Dividend Portfolio That Could Yield 10.75% In 15 Years",SeekingAlpha,https://finnhub.io/api/news?id=4bba80b64fd9b458cfb1fb516aebcdd2ca8aadeff95b4f1fe8fcb22ac8432e60,0.097,0.766,0.137,0.4019,2025-05-27
2025-05-26 15:06:06,"ExxonMobil Angola Managing Director (MD) to Speak at African Energy Week (AEW) 2025 as Company Deepens Strategic Commitment to Angolan Energy SectorKatrina Fisher, Managing Director, ExxonMobil Angola, will speak at AEW: Invest in African Energies 2025 as the company drives investment, exploration efforts and social development in the country",Finnhub,https://finnhub.io/api/news?id=d5379ff6a195309b88a563a5e810f900ea8cb578af24cc4ddca7814a16ff51d5,0.0,0.837,0.163,0.891,2025-05-27
2025-05-26 12:17:00,Who Will Win Guyana's Oil? Chevron and ExxonMobil Face Off,Yahoo,https://finnhub.io/api/news?id=72944a02a270021d23bef6e8d0213756f1fcc4ab73dfac0a1616614bcc6f3135,0.14,0.763,0.097,-0.1779,2025-05-27
2025-05-26 11:31:47,Top Dividend Stocks To Consider In May 2025,Yahoo,https://finnhub.io/api/news?id=98f329ae5111fa66a1be1a7c147a7fa78733a25d19e5683a1facbe62e521d291,0.0,0.906,0.094,0.7351,2025-05-27
2025-05-25 15:59:00,3 Magnificent S&P 500 Dividend Stocks Down 20% to 33% to Buy and Hold Forever,Yahoo,https://finnhub.io/api/news?id=61e95b0ca009bd37b92152e66fa2948d979ffed8eea64f85ab974a82c051b99f,0.0,0.888,0.112,0.5994,2025-05-27
2025-05-25 09:30:00,Why Exxon and Chevron Are Fighting So Hard Over an Oil Project in Guyana,Yahoo,https://finnhub.io/api/news?id=aac0693b735cc96d666e2d4930d73edc2ea46da6a0a064619bdeb801311d80f2,0.189,0.811,0.0,-0.6972,2025-05-27
2025-05-24 03:59:51,Vista Energy: My Preferred Oil Stock Due To Key Competitive Advantages Against Big Oil,SeekingAlpha,https://finnhub.io/api/news?id=b0f78b46b7845d5c8854041c3fff476560da6d062409af2f108f86ca1038056b,0.0,0.618,0.382,0.9451,2025-05-27
2025-05-23 16:29:57,Hess Corporation: Another Platform Begins Operations Soon (Rating Upgrade),SeekingAlpha,https://finnhub.io/api/news?id=becf48af0de79baeb23d4017fec6b709865b109ec7f5d35bdf8464dcea792b72,0.0,0.865,0.135,0.5719,2025-05-27
2025-05-23 15:50:15,"Exxon, Hess to face off over Chevron deal for oilfield riches",Yahoo,https://finnhub.io/api/news?id=f96e11796138ddf7bd2652a2fc1c3d8ed5018b006b242569066a41dc001b941e,0.052,0.822,0.126,0.836,2025-05-23
2025-05-23 15:09:00,Trump Tax Bill Could ‘Devastate’ Clean Energy. Here Are the Few Bright Spots.,MarketWatch,https://finnhub.io/api/news?id=463c04824762cf64b965f4e94ae3a083e1f7299a12ed3783bdf0ab3004c59dbc,0.0,0.565,0.435,0.9246,2025-05-23
2025-05-23 13:43:00,Here's Why Retain Strategy is Apt for Valero Energy Stock Now,Yahoo,https://finnhub.io/api/news?id=755665feb31ced1d4d99ca8afeeb32e1a3201bc57431e8f9e057efcef8fc94d0,0.287,0.59,0.123,-0.7506,2025-05-23
2025-05-23 10:54:18,"Oil output in Guyana fell to 611,000 bpd in April, government says",Finnhub,https://finnhub.io/api/news?id=3c7b04155907fef8eb4d1725533461273862e181c43cc99e3eba8e2ffde626f6,0.0,1.0,0.0,0.0,2025-05-23
2025-05-23 10:00:01,Traders Wager $10 Billion on Chevron-Hess Deal Beating Exxon Case,Yahoo,https://finnhub.io/api/news?id=43420118813d2bfd6039d8d4b88b0a6de8ce498cf9e533b892716d1a85430eff,0.073,0.887,0.04,-0.6249,2025-05-23
2025-05-23 06:12:15,"Damaged CPC pumping station in Russia back online, operator says",Finnhub,https://finnhub.io/api/news?id=6e7ced1459585a9b4f5fae1ee260307c96dbc1f8de15da51cf869118a763c55b,0.139,0.861,0.0,-0.7003,2025-05-23
2025-05-23 05:33:07,Caspian oil pipeline says damaged pumping station is back online,Finnhub,https://finnhub.io/api/news?id=01826180803287c1a541f1bd79e8e96ee08e3b47b89a838d41cb9384f5e3671d,0.258,0.742,0.0,-0.8779,2025-05-23
2025-05-22 17:54:07,Exxon Mobil Joliet refinery running unit at reduced rate,Finnhub,https://finnhub.io/api/news?id=fd0b2801ed1db2470cb770a2cf5c71c508425742127d650aa6892277a87537d3,0.0,0.94,0.06,0.2732,2025-05-23
2025-05-22 14:56:00,ExxonMobil & Other Global Energy Giants Explore Partnership With ONGC,Yahoo,https://finnhub.io/api/news?id=de2f659c2870481018ad0a96d23156cd23231dd43d1ab54b7994c06864a09b97,0.088,0.848,0.064,-0.2023,2025-05-22
2025-05-21 13:48:00,Shell's Potential BP Buy: Strategic Scale or a Risky Gamble?,Yahoo,https://finnhub.io/api/news?id=ac4641316e809d9a14a745ff66a5ef27bc90416c2b77344ce9512009caad8678,0.13,0.87,0.0,-0.4678,2025-05-21
2025-05-21 11:12:23,Exxon Mobil: Sell Before It's Too Late,SeekingAlpha,https://finnhub.io/api/news?id=c262e0a33c552a2bc14c072bcdd96e6f3dac6f65fb653aeea21c2d9141233c3b,0.063,0.862,0.075,0.1027,2025-05-21
2025-05-21 09:00:00,"Forget About Dividend Yield, Do This Instead",SeekingAlpha,https://finnhub.io/api/news?id=5b931bd91eaf816029ef734fe292646a879ad80a5bc402c1a2ed4634ab54440a,0.131,0.784,0.085,-0.1027,2025-05-21
2025-05-21 08:30:00,Understanding VYM: A Dividend ETF Built For Income Stability,SeekingAlpha,https://finnhub.io/api/news?id=24f3a27fa68af66e488320680b37be0cf6798eefb3b7cc12096d9fb0cdaa1d8e,0.0,1.0,0.0,0.0,2025-05-21
2025-05-21 08:10:00,My Dividend Stock Portfolio: New All-Time Dividend Record In April - 100 Holdings With 14 Buys,SeekingAlpha,https://finnhub.io/api/news?id=da857ba038502fb2801876c07073c96e54676960374534733580830e88991dab,0.0,1.0,0.0,0.0,2025-05-21
2025-05-21 06:58:49,Exxon Mobil: Resilient Earnings And A Discounted Valuation Offer A Buy Opportunity,SeekingAlpha,https://finnhub.io/api/news?id=a7fd0956842a018bba7124132c18136e47abcb8b29b8117db7424240cf49821e,0.05,0.81,0.14,0.4767,2025-05-21
2025-05-30 14:42:53,Trump Is Canceling $3.7 Billion in Clean Energy Projects,Yahoo,https://finnhub.io/api/news?id=c2ff7844a1067cbf63725acc1d5e5fd0a869529ec7a1637ab23d1fe394b54cd7,0.031,0.72,0.249,0.9597,2025-05-30
2025-05-30 11:55:13,"US axes 24 clean energy projects, including at Exxon's Baytown",Finnhub,https://finnhub.io/api/news?id=e21cadb1ea7855142c1a510c16f152b9266df598647545c19004983935950e71,0.052,0.792,0.156,0.5574,2025-05-30
2025-05-30 11:44:12,Earnings show ‘uncertainty’ is only sure thing for investors,Yahoo,https://finnhub.io/api/news?id=f991a0021f2e84ef924a46649d0f95f838d77324c8f413e264393fcd24c005d1,0.021,0.845,0.134,0.8402,2025-05-30
2025-05-30 09:45:17,"Gunvor, SOCAR neck and neck to buy refiner Italiana Petroli, sources say",Finnhub,https://finnhub.io/api/news?id=dc0e7cc30a2d67183ada8b7176d3136655fc9285396147fd0a162d0d0005bcb5,0.0,0.975,0.025,0.0258,2025-05-30
2025-05-29 19:37:33,Sector Update: Energy Stocks Advance Late Afternoon,Yahoo,https://finnhub.io/api/news?id=bd97977fbd549f7b2f39184df1be191d0dd424a33d67e75436939f37d75c7e91,0.0,0.704,0.296,0.7506,2025-05-30
2025-05-29 18:01:16,Exxon Leads $1 Trillion Stabroek Dispute as Chevron Awaits Ruling,Yahoo,https://finnhub.io/api/news?id=1318a4850b505db8a2a8fb9460480d953f7d6db33e2c4c99fd1623947d4d74bc,0.086,0.828,0.086,-0.25,2025-05-30
2025-05-29 17:55:52,Sector Update: Energy Stocks Rise Thursday Afternoon,Yahoo,https://finnhub.io/api/news?id=98f1fc052f1164fe02ae362a460808bf1ef9360503141bdd7d1e4faa7a0f9f47,0.0,0.704,0.296,0.7506,2025-05-30
2025-05-29 17:53:12,Update: Exxon Mobil Optimistic About Winning Arbitration Case in Chevron-Hess Deal,Yahoo,https://finnhub.io/api/news?id=957645ad52fd140f01165e6072376cd776cbf91f8470dd3f9816a0562b655420,0.0,0.742,0.258,0.7906,2025-05-30
2025-05-29 17:52:33,Exxon Mobil (NYSE:XOM) Negotiates €400 Million Sale of French Stake,Yahoo,https://finnhub.io/api/news?id=e0071a8f0197b1d89cd6ce4d9f6937c2983ce3523b5c8516b47e4ace24f1e8c9,0.025,0.895,0.08,0.6124,2025-05-30
2025-05-29 17:52:10,Exxon (XOM) Set to Sell French Assets Stake for €400 Million,Yahoo,https://finnhub.io/api/news?id=342e4ab6d291016c8c449bfe7dfd31334246e2e26ee365db8e8712f824e3d4b5,0.0,0.884,0.116,0.743,2025-05-30
2025-05-29 17:00:06,Market Chatter: Oil Companies Face Climate Change Lawsuit Claiming Wrongful Death,Yahoo,https://finnhub.io/api/news?id=af7174552c96d548210e0cc4bfb6216e7a7ae9dff873ea00f91e96d1d51aa9ed,0.22,0.743,0.037,-0.7506,2025-05-30
2025-05-29 16:40:11,ExxonMobil confirms production start date for Guyana's Yellowtail project,Finnhub,https://finnhub.io/api/news?id=dde79ddae063e76f0df903f08b953c1cacdea1b4293dc1456b89dd07330f681c,0.0,1.0,0.0,0.0,2025-05-30
2025-05-29 14:34:00,Chevron will lay off 800 workers in Texas,Yahoo,https://finnhub.io/api/news?id=92989194a7d9ee3d4fc49cafc0d04b1508bc611faa6c279b7c66b12e907fb4b2,0.0,1.0,0.0,0.0,2025-05-29
2025-05-29 13:19:00,ExxonMobil Plans to Sell French Refining Assets to North Atlantic,Yahoo,https://finnhub.io/api/news?id=93c91f7ce66f34f082febbc883cbdfa6b1c0ab4ef1c2b000642dc8b9ade228f6,0.0,0.914,0.086,0.34,2025-05-29
2025-05-29 12:48:36,Exxon says it is confident it will win dispute over Chevron-Hess deal,Yahoo,https://finnhub.io/api/news?id=a1e90f5d09d1ac00689b2ddb8cb4b13eb008c5550db454d6efd890f2f0b2e835,0.052,0.823,0.125,0.8176,2025-05-29
2025-05-29 11:45:24,"Transcript : Exxon Mobil Corporation Presents at Bernstein 41st Annual Strategic Decisions Conference 2025, May-29-2025 08",Finnhub,https://finnhub.io/api/news?id=59ca3e7552614eb798522c6ac90909ac4be100a8f2123c133348e8d60031bb4b,0.0,0.837,0.163,0.7906,2025-05-29
2025-05-29 11:05:24,Exxon Mobil Corporation (XOM) Presents at Bernstein 41st Annual Strategic Decisions Conference (Transcript),SeekingAlpha,https://finnhub.io/api/news?id=48172c241d0e36b567192bdb20075fce3ddeddb9c14be46a53e32c38c142f2b3,0.0,1.0,0.0,0.0,2025-05-29
2025-05-29 09:38:13,Exxon confident it will win dispute over Chevron-Hess deal,Finnhub,https://finnhub.io/api/news?id=a9610f59f61094048c614bb2d2b216b57a4c6ebbad7dd0a58873631ef182110a,0.124,0.714,0.161,0.3818,2025-05-29
2025-05-29 09:25:16,Standard Lithium Wins A Critical Victory,SeekingAlpha,https://finnhub.io/api/news?id=cddaabe083d2423566e4c1923db313063df27d312c9e2d15e9df279a17737519,0.23,0.4,0.37,0.34,2025-05-29
2025-05-29 08:10:00,Should You Buy Occidental Petroleum While It's Trading Below $45?,Yahoo,https://finnhub.io/api/news?id=14b00b296806beee89babc42247fa7aa58842a9fa2a18b579025c58b98fed24a,0.0,0.913,0.087,0.4939,2025-05-29
2025-05-29 02:19:00,Nigeria: TotalEnergies Divests its Non-Operated Interest in the Bonga Field,MarketWatch,https://finnhub.io/api/news?id=3cb1466e6b2bf33910277b08ea76485f17007cea99542d285d86ca866b29e4d9,0.0,0.75,0.25,0.7184,2025-05-29
